,Name,US dollar,Euro,Japanese yen,Pound sterling,Canadia ndollar,Swiss franc,Indian rupee,Chinese renmimbi,US dollar.1,Saudi riyal,Indonesian rupiah,UAE dirham,Thai baht,Vietnamese dong,Egyptian pound,Korean won,Euro.1,Russian ruble,US dollar.2,South African rand,Chinese renmimbi.1,Canadian dollar,Australian dollar
0,31/12/1978,207.8,129.2,,104.6,,,,,207.8,,,,,,,,129.2,,207.8,,,,
1,31/01/1979,227.3,139.5,44853.1,113.3,269.5,378.8,1852.8,,227.3,754.1,141796.4,869.4,4582.2,,,111186.6,139.5,,227.3,197.0,,269.5,198.6
2,28/02/1979,245.7,151.3,49213.2,122.5,293.2,410.6,2010.4,,245.7,822.3,153099.6,939.1,4949.5,,,118284.0,151.3,,245.7,209.9,,293.2,216.7
3,30/03/1979,242.1,149.3,49989.4,118.8,284.2,407.3,1974.9,,242.1,810.1,151068.5,926.2,4884.5,,,116507.1,149.3,,242.1,204.4,,284.2,215.9
4,30/04/1979,239.2,148.8,51707.2,115.4,274.2,410.5,1960.9,,239.2,817.3,149744.3,919.9,4842.6,,,115555.9,148.8,,239.2,202.8,,274.2,215.8
5,31/05/1979,257.6,161.0,56429.3,125.2,297.7,445.4,2119.4,,257.6,870.7,160957.0,983.5,5208.5,,,124738.2,161.0,,257.6,217.6,,297.7,233.0
6,29/06/1979,279.1,173.0,61069.3,132.1,327.4,474.5,2248.9,,279.1,941.3,172550.1,1064.8,5592.2,,,132563.7,173.0,,279.1,235.6,,327.4,251.1
7,31/07/1979,294.7,178.2,63843.1,130.5,343.0,486.1,2309.7,,294.7,980.4,182837.9,1109.8,5881.5,,,137305.9,178.2,,294.7,248.5,,343.0,261.4
8,31/08/1979,300.8,182.0,65530.2,134.5,352.0,498.5,2409.8,,300.8,1024.8,190103.6,1147.1,6194.9,,,148383.2,182.0,,300.8,252.0,,352.0,266.6
9,28/09/1979,355.1,212.4,78779.2,161.6,413.0,571.4,2865.0,,355.1,1189.7,221560.7,1343.1,7260.9,,,175525.8,212.4,,355.1,294.6,,413.0,314.7
10,31/10/1979,391.7,235.4,90002.7,182.6,459.1,637.1,3204.0,,391.7,1319.0,245305.8,1488.5,7981.6,,,193444.0,235.4,,391.7,323.8,,459.1,350.9
11,30/11/1979,392.0,234.8,95936.2,183.7,461.9,643.9,3183.5,,392.0,1315.7,244624.9,1465.9,7876.6,,,184889.7,234.8,,392.0,324.3,,461.9,357.9
12,31/12/1979,455.1,268.2,111042.2,207.2,540.6,739.8,3731.8,,455.1,1551.9,288307.7,1751.8,9383.5,,,223444.2,268.2,,455.1,382.0,,540.6,418.8
13,31/01/1980,675.3,395.1,160503.7,298.0,784.8,1076.1,5358.0,,675.3,2264.6,421650.5,2551.9,13731.5,,,323082.0,395.1,,675.3,553.1,,784.8,607.6
14,29/02/1980,665.3,392.5,162529.5,290.5,769.6,1091.1,5286.7,,665.3,2227.3,415365.3,2485.2,13469.0,,,382813.6,392.5,,665.3,541.8,,769.6,602.7
15,31/03/1980,553.6,343.6,137667.9,250.7,648.9,975.8,4511.5,,553.6,1856.4,346958.8,2076.6,11287.7,,,330759.4,343.6,,553.6,448.8,,648.9,508.0
16,30/04/1980,517.4,326.1,129014.5,233.6,613.2,907.0,4164.4,,517.4,1717.3,322285.8,1927.5,10475.5,,,297208.7,326.1,,517.4,417.4,,613.2,473.3
17,30/05/1980,513.8,312.8,117281.6,223.1,603.2,854.9,4053.3,,513.8,1689.7,317460.1,1892.1,10391.1,,,298538.7,312.8,,513.8,406.2,,603.2,454.5
18,30/06/1980,600.7,361.2,130957.3,257.0,691.9,981.3,4711.1,,600.7,2008.2,376502.8,2233.2,12248.2,,,359842.5,361.2,,600.7,465.7,,691.9,520.7
19,31/07/1980,644.3,384.8,142641.2,271.6,743.4,1038.1,5012.4,,644.3,2142.5,403482.1,2387.6,13093.4,,,386803.2,384.8,,644.3,493.6,,743.4,556.8
20,29/08/1980,627.2,382.4,140384.5,264.5,726.4,1035.0,4867.0,,627.2,2072.6,390973.1,2303.6,12705.7,,,380103.4,382.4,,627.2,476.4,,726.4,541.2
21,30/09/1980,673.6,412.4,144562.5,280.5,784.6,1104.9,5211.1,,673.6,2235.2,421213.0,2481.0,13697.3,,,414638.8,412.4,,673.6,507.4,,784.6,575.6
22,31/10/1980,661.2,414.3,138469.5,273.6,773.7,1099.6,5112.3,,661.2,2195.6,413691.1,2436.8,13461.8,,,410082.6,414.3,,661.2,496.9,,773.7,563.7
23,28/11/1980,623.5,406.1,132816.5,260.2,739.5,1078.2,4833.7,,623.5,2071.2,389668.8,2292.5,12758.6,,,412966.0,406.1,,623.5,468.3,,739.5,534.2
24,31/12/1980,594.9,398.2,124946.0,253.7,712.9,1063.3,4705.2,,594.9,1981.4,372789.8,2191.0,12193.5,,,395089.3,398.2,,594.9,448.8,,712.9,510.1
25,30/01/1981,557.4,380.4,112804.8,231.8,663.8,1015.5,4430.0,,557.4,1858.0,349397.3,2048.5,11461.8,,,365942.3,380.4,,557.4,417.5,,663.8,472.3
26,27/02/1981,499.8,364.6,103241.8,217.9,601.2,978.3,4110.2,,499.8,1672.7,315075.4,1846.2,10326.0,,,343626.8,364.6,,499.8,388.0,,601.2,431.7
27,31/03/1981,498.8,362.7,104319.8,223.3,594.9,960.1,4093.1,,498.8,1670.6,309761.9,1815.0,10129.2,,,331019.4,362.7,,498.8,394.9,,594.9,429.3
28,30/04/1981,495.8,371.8,106571.4,227.6,590.9,979.1,4107.8,,495.8,1665.1,310657.0,1822.5,10220.6,,,343587.5,371.8,,495.8,402.4,,590.9,430.5
29,29/05/1981,479.7,381.7,106059.3,229.8,576.6,993.0,4034.0,,479.7,1621.3,304239.8,1777.1,9988.0,,,333923.1,381.7,,479.7,402.6,,576.6,421.0
30,30/06/1981,460.8,379.3,103252.4,233.4,553.9,955.4,3968.2,,460.8,1565.4,292153.3,1744.0,9635.2,,,329168.7,379.3,,460.8,399.5,,553.9,403.5
31,31/07/1981,409.3,345.6,94977.3,218.3,495.2,857.9,3632.1,,409.3,1397.4,259995.5,1519.0,8895.2,,,288074.3,345.6,,409.3,376.8,,495.2,358.0
32,31/08/1981,410.2,355.7,95704.3,225.3,501.8,889.9,3705.0,,410.2,1401.9,257980.6,1503.0,9347.6,,,285034.9,355.7,,410.2,389.6,,501.8,360.0
33,30/09/1981,443.8,365.5,101783.1,244.4,532.4,898.5,4039.1,,443.8,1515.8,278917.8,1626.0,10146.4,,,308812.4,365.5,,443.8,420.1,,532.4,386.2
34,30/10/1981,437.8,355.1,101182.9,237.7,526.2,823.7,3998.6,,437.8,1494.8,275886.7,1606.0,10005.4,,,294256.2,355.1,,437.8,418.2,,526.2,382.7
35,30/11/1981,413.4,333.7,92357.6,217.4,491.0,737.6,3766.8,,413.4,1413.7,260627.0,1512.7,9457.8,,,275135.7,333.7,,413.4,397.9,,491.0,361.0
36,31/12/1981,410.1,335.5,89639.3,215.3,486.0,744.2,3749.3,,410.1,1403.0,258899.1,1509.2,9416.1,,,290364.4,335.5,,410.1,397.5,,486.0,361.5
37,29/01/1982,384.1,319.3,86326.3,203.6,458.0,708.6,3507.0,,384.1,1313.7,242491.1,1417.5,8791.7,,,272239.4,319.3,,384.1,370.9,,458.0,344.9
38,26/02/1982,374.1,320.2,88211.4,202.6,454.1,708.8,3440.4,,374.1,1280.5,240380.8,1379.4,8600.2,,,269699.2,320.2,,374.1,367.1,,454.1,345.0
39,31/03/1982,330.3,288.9,79645.7,182.8,403.1,623.7,3064.7,,330.3,1129.5,214542.4,1214.9,7590.8,,,237031.3,288.9,,330.3,337.2,,403.1,311.6
40,30/04/1982,350.3,312.8,85434.5,197.8,428.9,687.5,3274.2,,350.3,1199.8,227363.8,1281.6,7992.1,,,253268.7,312.8,,350.3,368.8,,428.9,332.9
41,31/05/1982,333.8,288.2,79283.4,184.4,412.5,652.6,3107.0,,333.8,1147.8,219050.3,1233.9,7662.7,,,239277.3,288.2,,333.8,356.0,,412.5,315.6
42,30/06/1982,315.0,287.7,79099.8,179.2,401.1,654.3,2970.0,,315.0,1079.9,206115.0,1157.6,7213.3,,,234991.2,287.7,,315.0,351.0,,401.1,304.8
43,30/07/1982,339.0,317.3,86107.0,195.3,428.9,707.6,3224.8,,339.0,1162.0,222416.9,1244.5,7767.6,,,251382.6,317.3,,339.0,387.4,,428.9,334.2
44,31/08/1982,364.2,344.2,93958.0,210.8,452.3,765.8,3468.6,,364.2,1250.9,239405.0,1331.4,8295.5,,,270972.4,344.2,,364.2,417.6,,452.3,371.0
45,30/09/1982,437.3,418.0,115172.3,255.3,541.2,937.3,4223.6,,437.3,1508.3,291975.6,1611.1,10051.2,,,329230.5,418.0,,437.3,503.9,,541.2,456.8
46,29/10/1982,422.2,410.7,114652.9,248.7,519.9,917.9,4094.0,,422.2,1454.9,285618.0,1553.4,9675.2,,,313452.5,410.7,,422.2,489.9,,519.9,447.9
47,30/11/1982,414.9,412.4,109638.1,254.0,508.8,910.3,4050.1,,414.9,1427.5,283791.5,1527.4,9512.2,,,316916.9,412.4,,414.9,472.8,,508.8,440.1
48,31/12/1982,444.3,428.9,108127.7,274.6,549.1,914.7,4296.4,,444.3,1526.1,303109.8,1625.1,10126.6,,,331485.5,428.9,,444.3,482.5,,549.1,459.8
49,31/01/1983,481.3,455.7,112746.3,306.1,593.6,951.0,4734.4,,481.3,1661.7,338064.1,1784.8,11118.9,,,372926.0,455.7,,481.3,514.8,,593.6,492.0
50,28/02/1983,491.2,472.5,116692.8,320.6,605.7,996.9,4880.2,,491.2,1698.8,344358.7,1811.5,11289.0,,,389136.0,472.5,,491.2,541.5,,605.7,510.3
51,31/03/1983,419.7,408.5,100267.5,281.7,515.7,869.2,4183.6,,419.7,1448.1,295741.3,1551.6,9637.0,,,322000.9,408.5,,419.7,458.8,,515.7,476.5
52,29/04/1983,432.9,430.7,102951.2,280.7,533.5,890.9,4309.0,,432.9,1494.0,417210.3,1582.7,9862.2,,,319074.1,430.7,,432.9,473.4,,533.5,498.8
53,31/05/1983,438.0,440.6,102665.1,278.5,537.6,900.6,4365.0,,438.0,1509.7,422184.5,1598.7,9976.4,,,333815.3,440.6,,438.0,473.5,,537.6,497.4
54,30/06/1983,412.8,428.4,99216.1,266.8,508.9,872.4,4153.3,,412.8,1428.5,405299.4,1527.2,9510.1,,,329646.0,428.4,,412.8,451.2,,508.9,471.4
55,29/07/1983,422.7,448.0,101689.0,276.7,520.6,895.7,4255.1,,422.7,1460.7,413270.1,1552.8,9711.3,,,328822.8,448.0,,422.7,463.5,,520.6,482.7
56,31/08/1983,416.2,456.5,101763.8,277.0,513.3,900.5,4230.6,,416.2,1443.1,408735.8,1529.1,9534.8,,,329694.0,456.5,,416.2,464.5,,513.3,473.0
57,30/09/1983,411.8,451.6,100023.3,274.7,507.9,892.1,4204.6,,411.8,1433.7,406774.0,1517.1,9470.8,,,324616.3,451.6,,411.8,458.9,,507.9,464.5
58,31/10/1983,393.6,425.1,91828.9,262.8,485.4,832.9,4021.9,,393.6,1372.3,388213.9,1450.1,9032.6,,,311055.0,425.1,,393.6,443.3,,485.4,431.1
59,30/11/1983,381.7,423.9,89615.3,258.4,471.1,827.6,3949.9,,381.7,1327.0,376834.7,1402.6,8753.4,,,305636.9,423.9,,381.7,451.8,,471.1,415.9
60,30/12/1983,388.3,442.0,91035.6,270.9,483.8,853.3,4063.4,,388.3,1352.7,385881.7,1425.7,8900.9,,,315863.5,442.0,,388.3,472.7,,483.8,430.3
61,31/01/1984,370.9,431.5,86694.6,263.3,462.9,829.6,3966.9,,370.9,1300.4,370075.2,1361.1,8528.9,,,303476.2,431.5,,370.9,465.2,,462.9,408.8
62,29/02/1984,385.9,434.8,90242.8,267.9,481.9,852.0,4129.8,,385.9,1353.4,380809.4,1408.4,8792.0,,,300948.3,434.8,,385.9,474.4,,481.9,412.5
63,30/03/1984,394.3,428.6,88946.1,270.7,501.0,848.4,4228.2,,394.3,1387.8,393124.4,1450.0,9056.8,,,319992.4,428.6,,394.3,480.4,,501.0,414.8
64,30/04/1984,381.4,420.6,85915.0,268.1,487.8,835.5,4116.2,,381.4,1343.8,383417.2,1384.8,8775.1,,,305835.4,420.6,,381.4,475.6,,487.8,412.9
65,31/05/1984,377.4,431.4,87039.6,271.5,487.9,855.6,4139.7,,377.4,1327.0,380951.0,1387.8,8677.2,,,302492.9,431.4,,377.4,482.2,,487.9,416.4
66,29/06/1984,377.7,431.2,88305.1,274.3,493.0,863.3,4173.9,,377.7,1329.3,383516.5,1394.2,8697.6,,,303672.2,431.2,,377.7,494.6,,493.0,428.6
67,31/07/1984,347.5,411.7,84343.3,262.9,459.6,836.7,3934.7,,347.5,1220.7,354973.3,1278.3,7975.4,,,286285.4,411.7,,347.5,521.5,,459.6,415.9
68,31/08/1984,347.7,418.2,84246.8,264.8,452.8,840.2,4003.5,,347.7,1225.9,359938.5,1281.0,7974.8,,,280854.4,418.2,,347.7,545.8,,452.8,410.8
69,28/09/1984,341.1,428.6,83505.0,270.8,447.5,851.4,4016.6,,341.1,1208.1,363434.4,1268.5,7867.2,,,285668.5,428.6,,341.1,565.2,,447.5,409.6
70,31/10/1984,340.2,434.3,83910.9,278.7,448.4,858.1,4070.5,,340.2,1210.3,360816.0,1246.2,7782.2,,,280507.6,434.3,,340.2,600.0,,448.4,406.7
71,30/11/1984,341.2,425.5,83166.5,274.9,449.9,842.3,4105.2,,341.2,1216.6,363666.6,1253.2,8971.8,,,274605.7,425.5,,341.2,614.5,,449.9,398.0
72,31/12/1984,320.2,411.5,79194.0,269.1,421.9,817.4,3908.7,,320.2,1139.6,340807.9,1177.5,8482.0,,,264186.0,411.5,,320.2,603.2,,421.9,379.9
73,31/01/1985,302.8,398.2,76938.4,268.6,401.2,804.8,3813.3,855.2,302.8,1085.8,328331.8,1114.2,8163.7,,,257388.7,398.2,,302.8,657.5,855.2,401.2,371.9
74,28/02/1985,299.1,409.7,78095.2,273.6,405.3,840.4,3869.6,851.6,299.1,1076.1,327440.6,1100.4,8258.1,,,257242.2,409.7,,299.1,589.2,851.6,405.3,406.5
75,29/03/1985,303.9,417.9,78114.5,270.0,418.9,847.9,3856.6,845.6,303.9,1090.8,325956.8,1091.5,8222.1,,,246917.0,417.9,,303.9,599.1,845.6,418.9,433.9
76,30/04/1985,325.3,420.9,81673.9,262.1,443.0,840.0,4005.6,927.8,325.3,1175.9,361563.6,1200.8,8842.4,,,275774.2,420.9,,325.3,628.6,927.8,443.0,493.0
77,31/05/1985,316.4,411.9,79549.6,252.8,434.9,825.9,3917.7,895.1,316.4,1141.6,351202.3,1160.1,8568.9,,,272523.2,411.9,,316.4,627.0,895.1,434.9,466.3
78,28/06/1985,316.5,407.4,78758.7,247.0,432.6,813.6,3910.0,900.3,316.5,1151.6,350789.8,1160.8,8562.2,,,277067.9,407.4,,316.5,623.7,900.3,432.6,474.6
79,31/07/1985,317.2,390.8,76493.2,230.2,429.0,764.1,3800.5,903.3,317.2,1157.5,351229.6,1153.1,8431.6,,,264439.3,390.8,,317.2,619.9,903.3,429.0,454.1
80,30/08/1985,329.8,394.0,78237.6,238.3,447.4,757.0,3918.4,959.0,329.8,1203.3,370943.4,1217.8,8764.2,,,294145.9,394.0,,329.8,769.9,959.0,447.4,465.7
81,30/09/1985,323.4,393.0,76238.0,236.9,442.7,752.4,3894.0,951.3,323.4,1177.5,362847.6,1186.1,8686.5,,,292537.3,393.0,,323.4,815.3,951.3,442.7,467.6
82,31/10/1985,325.8,371.3,69937.3,229.2,445.5,706.2,3902.6,986.3,325.8,1190.6,364870.9,1195.6,8524.0,,,288404.4,371.3,,325.8,848.2,986.3,445.5,464.0
83,29/11/1985,325.3,363.8,66321.5,225.8,447.6,692.4,3903.3,1036.3,325.3,1186.0,363746.5,1189.8,8421.2,,,290595.9,363.8,,325.3,862.9,1036.3,447.6,479.6
84,31/12/1985,321.9,351.1,65137.1,222.7,447.7,675.4,3871.6,1037.7,321.9,1173.2,364589.2,1190.8,8511.0,,,291987.3,351.1,,321.9,862.3,1037.7,447.7,471.3
85,31/01/1986,345.4,366.3,68952.3,242.6,484.8,712.5,4214.4,1111.3,345.4,1256.9,387945.2,1264.7,9080.9,,,309081.2,366.3,,345.4,810.6,1111.3,484.8,492.7
86,28/02/1986,338.9,343.8,62661.3,237.1,476.2,662.5,4175.8,1077.0,338.9,1239.7,378815.4,1247.2,8804.5,,,298799.9,343.8,,338.9,705.7,1077.0,476.2,485.0
87,31/03/1986,345.7,341.1,61657.3,235.5,483.3,659.0,4210.4,1106.6,345.7,1260.7,386365.4,1266.9,8956.3,,,304753.4,341.1,,345.7,700.0,1106.6,483.3,487.3
88,30/04/1986,340.4,339.4,59497.2,227.2,471.8,646.3,4199.6,1083.0,340.4,1239.9,380481.7,1247.7,8844.0,,,297270.7,339.4,,340.4,695.9,1083.0,471.8,469.9
89,30/05/1986,342.4,335.8,57222.9,225.3,471.2,634.9,4253.5,1095.7,342.4,1251.0,387298.9,1258.4,8915.4,,,302984.6,335.8,,342.4,751.1,1095.7,471.2,471.7
90,30/06/1986,342.7,337.2,57408.8,227.1,476.2,630.6,4294.2,1093.1,342.7,1284.6,383027.6,1259.1,8906.6,,,303056.9,337.2,,342.7,864.3,1093.1,476.2,496.1
91,31/07/1986,348.3,331.2,55284.0,230.8,480.9,608.4,4345.9,1230.6,348.3,1306.6,393396.2,1279.2,9043.0,,,309587.0,331.2,,348.3,888.4,1230.6,480.9,553.1
92,29/08/1986,376.6,345.6,57969.8,253.2,522.1,624.9,4702.3,1391.2,376.6,1409.3,424185.5,1379.7,9691.9,,,331505.1,345.6,,376.6,974.7,1391.2,522.1,612.8
93,30/09/1986,417.7,380.7,64511.3,284.1,578.3,689.2,5263.4,1538.4,417.7,1563.9,589924.0,1533.5,10811.5,,,369192.2,380.7,,417.7,965.5,1538.4,578.3,671.3
94,31/10/1986,423.5,380.0,66302.8,296.8,589.2,696.3,5431.1,1579.7,423.5,1591.0,695200.5,1558.1,10986.7,,,372283.0,380.0,,423.5,952.5,1579.7,589.2,664.6
95,28/11/1986,397.6,360.7,64897.3,279.0,552.9,672.2,5188.3,1483.5,397.6,1494.3,657206.0,1463.8,10352.2,,,346297.4,360.7,,397.6,897.4,1483.5,552.9,617.9
96,31/12/1986,390.9,350.2,63390.3,272.4,539.1,651.1,5107.2,1447.9,390.9,1465.0,645073.6,1435.1,10191.6,,,337602.2,350.2,,390.9,868.2,1447.9,539.1,592.0
97,30/01/1987,408.3,344.9,63274.2,270.9,556.0,638.8,5287.4,1513.2,408.3,1530.4,665819.6,1498.8,10473.2,,,350261.1,344.9,,408.3,855.1,1513.2,556.0,617.2
98,27/02/1987,401.1,333.5,61508.4,262.5,535.0,617.4,5213.6,1483.5,401.1,1503.5,655655.4,1472.4,10260.1,,,343157.8,333.5,,401.1,834.1,1483.5,535.0,600.0
99,31/03/1987,408.9,341.8,61792.0,256.8,538.3,628.2,5249.5,1511.7,408.9,1530.8,670158.7,1499.1,10457.2,,,347508.4,341.8,,408.9,845.3,1511.7,538.3,593.7
100,30/04/1987,438.4,361.7,62481.3,268.6,578.3,654.4,5576.8,1621.3,438.4,1642.0,720696.8,1608.3,11152.4,,,367903.4,361.7,,438.4,881.8,1621.3,578.3,615.3
101,29/05/1987,460.2,376.4,64698.6,276.2,617.2,677.1,5825.5,1716.4,460.2,1727.1,761194.5,1690.4,11708.9,,,381190.6,376.4,,460.2,922.9,1716.4,617.2,644.6
102,30/06/1987,449.6,373.7,65025.1,276.0,602.5,678.5,5759.7,1678.5,449.6,1688.4,742814.4,1653.6,11451.7,,,366645.4,373.7,,449.6,909.7,1678.5,602.5,627.4
103,31/07/1987,450.5,380.0,67661.0,280.0,597.0,691.7,5839.1,1677.8,450.5,1690.2,742752.8,1654.4,11653.2,,,364190.0,380.0,,450.5,928.0,1677.8,597.0,636.1
104,31/08/1987,461.2,390.7,68025.0,288.6,610.8,709.1,6003.6,1717.2,461.2,1726.2,756045.8,1690.7,11932.1,,,371953.6,390.7,,461.2,956.0,1717.2,610.8,651.2
105,30/09/1987,460.4,379.8,65895.2,279.7,605.2,691.1,5946.9,1716.5,460.4,1726.0,757681.4,1690.3,11677.1,,,371170.6,379.8,,460.4,940.0,1716.5,605.2,632.6
106,30/10/1987,465.4,381.0,66560.2,280.0,608.2,694.2,6027.9,1723.5,465.4,1742.3,765455.5,1706.8,11800.0,,,373024.5,381.0,,465.4,951.4,1723.5,608.2,651.5
107,30/11/1987,467.6,361.2,63195.8,263.1,614.6,645.1,6028.1,1725.7,467.6,1749.8,767422.7,1714.3,11751.3,,,372180.1,361.2,,467.6,922.1,1725.7,614.6,680.0
108,31/12/1987,486.2,366.6,62557.0,266.6,636.2,648.1,6263.6,1795.9,486.2,1824.0,798419.2,1786.8,12152.6,,,386278.8,366.6,,486.2,949.7,1795.9,636.2,685.1
109,29/01/1988,476.6,362.3,60967.1,264.8,612.9,642.9,6205.0,1792.2,476.6,1788.3,798502.8,1751.6,12008.0,,,377095.9,362.3,,476.6,941.4,1792.2,612.9,670.3
110,29/02/1988,442.1,344.4,57173.3,251.5,561.3,615.9,5745.4,1657.2,442.1,1659.2,736847.1,1624.9,11138.1,,,342089.9,344.4,,442.1,907.9,1657.2,561.3,620.2
111,31/03/1988,443.6,341.9,56195.2,242.0,552.2,612.9,5730.3,1628.5,443.6,1657.5,729744.8,1623.2,10982.0,,,332663.5,341.9,,443.6,941.9,1628.5,552.2,603.0
112,29/04/1988,451.6,346.9,56458.2,240.5,558.1,625.3,5929.5,1680.0,451.6,1694.5,755218.0,1659.4,11375.8,,,335159.9,346.9,,451.6,967.7,1680.0,558.1,603.3
113,31/05/1988,451.1,350.8,56240.2,241.3,557.8,636.4,5971.2,1679.9,451.1,1690.8,755721.9,1655.7,11261.2,,,331962.8,350.8,,451.1,997.1,1679.9,557.8,579.2
114,30/06/1988,451.3,363.8,57463.7,254.0,549.0,659.4,6214.3,1699.5,451.3,1694.2,764845.3,1659.2,11347.0,,,330150.6,363.8,,451.3,1025.4,1699.5,549.0,559.6
115,29/07/1988,437.6,370.3,58234.1,256.8,528.5,670.7,6145.9,1619.6,437.6,1641.4,739470.0,1607.3,11124.5,,,317582.5,370.3,,437.6,1046.8,1619.6,528.5,547.4
116,31/08/1988,431.3,373.3,57697.7,254.0,527.6,683.3,6127.6,1607.1,431.3,1619.2,735545.2,1585.8,10999.5,,,312040.3,373.3,,431.3,1059.2,1607.1,527.6,535.9
117,30/09/1988,413.5,355.3,55599.9,245.4,507.6,651.7,5955.0,1539.3,413.5,1551.1,704906.4,1519.0,10547.2,,,298034.7,355.3,,413.5,1014.7,1539.3,507.6,521.8
118,31/10/1988,406.8,340.3,52301.7,234.1,489.6,624.7,5945.8,1501.5,406.8,1522.7,692661.2,1491.8,10252.9,,,287653.2,340.3,,406.8,1001.4,1501.5,489.6,501.8
119,30/11/1988,420.2,337.5,51723.1,232.1,511.6,615.8,6256.7,1556.7,420.2,1573.9,718908.2,1541.0,10538.6,,,290854.3,337.5,,420.2,1005.7,1556.7,511.6,493.6
120,30/12/1988,419.1,336.6,51728.0,229.0,501.7,619.2,6273.0,1566.5,419.1,1573.9,728568.5,1541.0,10513.6,,980.0,287570.8,336.6,,419.1,982.0,1566.5,501.7,487.2
121,31/01/1989,404.0,337.6,51523.5,227.8,482.0,632.0,6095.1,1518.5,404.0,1519.5,705056.4,1487.7,10218.1,,952.9,276650.4,337.6,,404.0,965.6,1518.5,482.0,464.9
122,28/02/1989,387.5,326.1,49528.8,220.9,461.2,610.4,5892.9,1449.9,387.5,1454.7,677941.1,1424.2,9811.5,,918.3,262920.2,326.1,,387.5,953.5,1449.9,461.2,454.2
123,31/03/1989,390.2,331.2,50814.8,227.7,466.1,626.9,6010.9,1462.3,390.2,1463.3,688474.7,1432.8,9911.3,,945.7,262630.1,331.2,,390.2,989.6,1462.3,466.1,478.1
124,28/04/1989,384.4,326.1,50741.1,226.0,456.9,632.8,6013.3,1427.9,384.4,1442.1,674630.6,1412.3,9782.2,,949.9,256421.1,326.1,,384.4,979.2,1427.9,456.9,478.2
125,31/05/1989,371.1,327.5,51266.0,227.9,443.3,642.9,5993.6,1404.0,371.1,1395.9,665771.3,1366.9,9537.0,,947.5,248237.2,327.5,,371.1,994.1,1404.0,443.3,481.4
126,30/06/1989,367.6,330.4,52876.2,236.7,440.3,627.1,5996.8,1379.2,367.6,1377.2,655350.3,1348.7,9498.8,,945.8,245201.1,330.4,,367.6,1023.0,1379.2,440.3,486.6
127,31/07/1989,375.0,321.6,52532.3,230.8,444.3,608.7,6097.1,1375.7,375.0,1398.7,656946.1,1369.8,9573.4,,957.7,248824.2,321.6,,375.0,1004.9,1375.7,444.3,493.7
128,31/08/1989,365.1,317.7,51566.1,228.8,429.3,605.7,6049.7,1363.5,365.1,1371.2,652252.4,1343.4,9389.0,,932.6,244713.8,317.7,,365.1,993.2,1363.5,429.3,478.8
129,29/09/1989,361.8,319.1,52484.3,230.3,427.8,610.2,6019.8,1339.3,361.8,1356.9,645309.5,1327.5,9298.8,,928.2,242274.4,319.1,,361.8,1007.8,1339.3,427.8,468.1
130,31/10/1989,366.9,312.3,52170.8,231.2,431.0,598.5,6144.9,1377.3,366.9,1377.0,663053.4,1348.0,9398.4,,955.6,246640.6,312.3,,366.9,980.8,1377.3,431.0,473.8
131,30/11/1989,394.3,329.2,56600.7,250.8,461.3,638.2,6637.0,1471.2,394.3,1480.6,708286.1,1449.2,10173.5,,1018.9,265357.4,329.2,,394.3,1036.0,1471.2,461.3,503.4
132,29/12/1989,409.4,328.0,58864.1,257.0,475.6,643.4,6901.5,1675.7,409.4,1535.5,732699.6,1503.4,10505.5,1833959.9,1045.2,276127.1,328.0,,409.4,1054.0,1675.7,475.6,521.5
133,31/01/1990,410.1,318.8,59445.6,248.2,480.5,621.8,6936.4,1923.6,410.1,1535.8,736780.4,1503.8,10503.6,1850391.1,1053.5,279635.2,318.8,,410.1,1047.1,1923.6,480.5,524.7
134,28/02/1990,416.8,320.2,60698.5,245.7,498.6,620.0,7062.9,1953.7,416.8,1562.5,754547.3,1529.2,10662.7,1874744.6,1086.5,287508.2,320.2,,416.8,1059.3,1953.7,498.6,548.3
135,30/03/1990,393.1,306.1,60169.5,242.0,463.6,594.4,6704.4,1863.7,393.1,1472.1,717006.2,1441.8,10143.1,1771923.1,1038.1,274225.1,306.1,,393.1,1026.2,1863.7,463.6,520.0
136,30/04/1990,374.2,287.4,59257.8,228.5,435.4,556.3,6467.5,1771.9,374.2,1402.6,684351.0,1375.0,9686.3,1682422.6,997.8,264044.1,287.4,,374.2,992.3,1771.9,435.4,489.6
137,31/05/1990,369.1,279.1,56766.1,220.0,433.5,523.8,6373.3,1729.5,369.1,1382.8,672446.9,1354.0,9507.4,1653605.8,982.8,261190.2,279.1,,369.1,975.9,1729.5,433.5,484.5
138,29/06/1990,352.3,269.1,54143.0,206.0,413.0,501.9,6119.0,1653.0,352.3,1319.2,645428.4,1290.6,9073.6,1577365.0,946.2,251498.6,269.1,,352.3,937.0,1653.0,413.0,452.0
139,31/07/1990,362.5,268.9,54037.6,200.4,419.3,504.4,6299.5,1691.1,362.5,1357.1,665242.8,1329.0,9271.9,1618619.2,978.5,258821.0,268.9,,362.5,951.2,1691.1,419.3,457.4
140,31/08/1990,394.7,281.4,58222.4,207.8,451.9,516.3,6831.9,1843.4,394.7,1479.1,727786.0,1448.1,10067.4,1767767.0,1061.4,281885.2,281.4,,394.7,1015.6,1843.4,451.9,488.3
141,28/09/1990,389.3,278.9,53951.1,207.2,450.5,508.6,6940.7,1847.0,389.3,1461.3,726705.5,1430.8,9855.5,1753516.5,1066.8,278861.9,278.9,,389.3,999.7,1847.0,450.5,471.9
142,31/10/1990,380.7,265.0,49368.7,195.6,441.4,487.8,6878.5,1795.0,380.7,1426.4,711682.8,1396.5,9517.5,2249155.8,1051.1,271328.2,265.0,,380.7,967.2,1795.0,441.4,473.9
143,30/11/1990,381.7,259.7,49284.8,194.3,444.3,479.5,6895.4,1885.9,381.7,1430.4,718332.7,1401.2,9544.6,2410533.5,1075.1,272504.3,259.7,,381.7,963.1,1885.9,444.3,493.6
144,31/12/1990,377.0,258.9,50555.9,195.6,438.5,483.6,6841.7,1978.6,377.0,1419.2,719527.4,1390.1,9491.7,2440371.5,1092.5,270814.8,258.9,,377.0,958.2,1978.6,438.5,491.3
145,31/01/1991,383.6,268.5,51280.3,198.3,443.5,487.4,7032.1,1994.8,383.6,1435.1,730354.4,1405.6,9659.1,2529699.2,1107.3,274857.1,268.5,,383.6,981.9,1994.8,443.5,492.0
146,28/02/1991,363.8,249.6,47473.1,185.2,420.0,461.5,6849.6,1913.3,363.8,1366.1,699361.5,1338.1,9125.3,2609114.9,1083.3,262987.9,249.6,,363.8,923.7,1913.3,420.0,464.2
147,29/03/1991,363.3,269.9,49841.6,199.2,420.5,504.3,7003.6,1928.8,363.3,1369.0,710357.3,1340.8,9232.0,2676599.6,1196.6,264880.0,269.9,,363.3,965.0,1928.8,420.5,471.3
148,30/04/1991,358.4,280.8,49075.9,204.9,413.5,515.9,7145.3,1898.5,358.4,1344.3,694694.3,1314.9,9155.9,2668767.3,1172.1,260199.3,280.8,,358.4,982.7,1898.5,413.5,460.1
149,31/05/1991,357.0,282.7,49332.5,207.0,410.5,519.8,7318.0,1889.1,357.0,1340.5,690505.5,1310.6,9116.0,2812118.4,1160.5,259245.0,282.7,,357.0,998.4,1889.1,410.5,461.6
150,28/06/1991,366.7,301.7,51233.4,222.3,419.3,560.7,7699.4,1982.2,366.7,1374.3,718610.7,1346.0,9416.9,2966479.0,1225.4,266365.7,301.7,,366.7,1049.8,1982.2,419.3,482.4
151,31/07/1991,367.7,303.7,50685.5,223.0,422.4,569.7,9363.9,1966.2,367.7,1376.5,720154.1,1346.9,9443.7,3169564.0,1219.0,267400.5,303.7,,367.7,1058.2,1966.2,422.4,476.5
152,30/08/1991,356.3,287.4,48726.5,211.5,407.9,541.4,9195.7,1904.6,356.3,1334.5,700091.2,1307.5,9143.6,3163256.4,1179.9,260463.7,287.4,,356.3,1022.8,1904.6,407.9,455.7
153,30/09/1991,348.7,273.8,46866.0,202.2,396.5,517.1,8994.2,1865.1,348.7,1308.7,684421.6,1280.0,8910.5,3269036.9,1160.4,257498.6,273.8,,348.7,988.2,1865.1,396.5,439.3
154,31/10/1991,358.7,280.9,46869.9,208.2,404.5,530.1,9251.2,1929.5,358.7,1344.1,711315.9,1316.3,9136.5,3943216.1,1195.3,268329.7,280.9,,358.7,1014.2,1929.5,404.5,452.4
155,29/11/1991,360.2,271.8,46682.7,202.5,407.1,516.8,9294.5,1922.2,360.2,1350.7,714270.4,1322.1,9160.4,4457148.6,1199.4,271015.2,271.8,,360.2,1005.8,1922.2,407.1,457.8
156,31/12/1991,361.7,265.4,46246.5,198.9,413.5,500.8,9315.3,1929.4,361.7,1345.6,718304.8,1323.6,9147.0,4645533.2,1191.6,272958.8,265.4,,361.7,998.8,1929.4,413.5,467.5
157,31/01/1992,354.5,260.9,44448.0,196.1,410.1,497.8,9171.7,1934.7,354.5,1332.4,712311.7,1304.6,8977.7,4380351.3,1181.1,271170.8,260.9,,354.5,987.9,1934.7,410.1,475.0
158,28/02/1992,353.9,266.4,45154.6,199.1,418.4,515.2,9185.5,1961.6,353.9,1328.4,713061.2,1300.8,8995.4,3941373.5,1181.5,270874.2,266.4,,353.9,996.2,1961.6,418.4,471.1
159,31/03/1992,344.3,266.1,45748.0,199.7,410.4,519.7,9707.3,1893.9,344.3,1291.0,696852.1,1264.3,8813.1,3891858.0,1170.5,265677.5,266.1,,344.3,991.6,1893.9,410.4,454.0
160,30/04/1992,338.6,259.2,45186.0,192.6,402.5,513.7,9751.6,1855.8,338.6,1268.2,683614.0,1243.1,8659.6,3835144.6,1127.1,263046.2,259.2,,338.6,973.8,1855.8,402.5,444.1
161,29/05/1992,337.2,253.5,44060.4,186.2,404.5,502.5,9601.9,1852.2,337.2,1262.9,684176.6,1237.5,8599.1,3775444.5,1119.1,263625.0,253.5,,337.2,959.6,1852.2,404.5,445.7
162,30/06/1992,340.8,249.0,43213.7,183.7,407.5,485.4,9684.5,1856.0,340.8,1274.9,692077.5,1248.4,8646.1,3819303.2,1131.4,268369.0,249.0,,340.8,956.9,1856.0,407.5,450.4
163,31/07/1992,352.7,245.0,44365.3,183.9,420.3,470.4,10051.6,1921.7,352.7,1323.8,719048.3,1296.3,8905.4,3956493.7,1171.5,277623.8,245.0,,352.7,971.6,1921.7,420.3,473.5
164,31/08/1992,343.1,232.4,43355.0,176.7,408.2,445.6,9712.6,1858.3,343.1,1284.0,699254.8,1257.4,8650.5,3766617.3,1137.2,270569.7,232.4,,343.1,947.4,1858.3,408.2,472.3
165,30/09/1992,345.4,239.2,42349.4,187.2,422.0,440.9,9788.5,1923.1,345.4,1297.5,706667.1,1271.0,8699.0,3795079.0,1143.8,272297.6,239.2,,345.4,967.1,1923.1,422.0,478.6
166,30/10/1992,344.4,250.6,41705.3,208.1,429.2,453.4,9776.5,1945.2,344.4,1295.2,709763.7,1268.2,8698.6,3751586.6,1141.5,271186.2,250.6,,344.4,993.7,1945.2,429.2,482.0
167,30/11/1992,335.0,259.5,41493.3,219.4,424.6,478.6,9503.9,1885.5,335.0,1257.2,690435.0,1231.1,8526.0,3626713.0,1111.9,263171.5,259.5,,335.0,1003.2,1885.5,424.6,485.8
168,31/12/1992,334.8,260.2,41481.5,215.1,425.9,475.0,9655.0,1930.9,334.8,1251.8,690710.7,1225.4,8516.5,3587372.6,1110.8,263586.2,260.2,,334.8,1007.2,1930.9,425.9,484.9
169,29/01/1993,329.0,263.3,41124.1,214.5,419.9,486.1,9502.1,1890.4,329.0,1232.4,680891.0,1207.6,8383.0,3468532.6,1092.7,260939.2,263.3,148.4,329.0,1008.6,1890.4,419.9,487.5
170,26/02/1993,329.3,270.2,39751.4,228.9,414.9,500.4,9852.0,1922.4,329.3,1234.5,683587.3,1209.1,8394.8,3454963.5,1098.3,262840.4,270.2,188.4,329.3,1027.2,1922.4,414.9,482.6
171,31/03/1993,330.1,273.1,38614.5,225.8,411.7,501.8,10427.5,1882.6,330.1,1237.1,683501.7,1211.4,8386.4,3445595.4,1099.2,261226.1,273.1,209.0,330.1,1048.7,1882.6,411.7,466.0
172,30/04/1993,342.2,273.9,38423.8,221.3,431.8,498.8,10723.1,1934.2,342.2,1284.2,710517.6,1258.3,8632.0,3580482.1,1140.1,272236.8,273.9,249.4,342.2,1084.9,1934.2,431.8,481.0
173,31/05/1993,367.2,294.5,40488.1,237.3,466.1,532.9,11511.3,2112.1,367.2,1377.8,764506.4,1349.1,9255.1,3877117.8,1227.1,293765.6,294.5,317.8,367.2,1167.0,2112.1,466.1,526.5
174,30/06/1993,371.9,306.6,39938.8,246.6,475.8,549.2,11684.0,2142.9,371.9,1396.2,778875.5,1366.8,9378.5,3948000.9,1242.9,299310.0,306.6,398.9,371.9,1204.4,2142.9,475.8,551.9
175,30/07/1993,392.2,338.1,42233.5,262.1,502.8,594.1,12303.7,2269.6,392.2,1471.5,824023.0,1440.8,9924.2,4164134.6,1312.6,316345.7,338.1,407.6,392.2,1313.8,2269.6,502.8,579.2
176,31/08/1993,378.8,328.5,39319.1,253.9,494.7,567.4,11904.9,2183.9,378.8,1419.7,796066.3,1388.7,9532.8,4016036.7,1268.0,306298.7,328.5,374.6,378.8,1273.5,2183.9,494.7,558.1
177,30/09/1993,355.3,295.8,37455.7,232.9,469.4,503.7,11171.9,2053.0,355.3,1331.6,749694.7,1303.9,8930.3,3819642.4,1191.3,286838.9,295.8,352.8,355.3,1210.7,2053.0,469.4,545.1
178,29/10/1993,364.2,307.3,38964.1,242.1,482.8,524.6,11435.8,2112.4,364.2,1365.1,768972.3,1336.7,9197.7,3914516.3,1223.8,294858.8,307.3,428.7,364.2,1234.7,2112.4,482.8,550.1
179,30/11/1993,373.8,326.4,40294.8,252.4,492.5,559.5,11724.6,2175.7,373.8,1401.9,788225.2,1372.6,9483.1,4040520.7,1257.5,301580.3,326.4,449.5,373.8,1257.5,2175.7,492.5,562.0
180,31/12/1993,383.3,336.1,42127.2,257.2,511.0,562.2,12038.1,2230.0,383.3,1440.2,811028.3,1409.7,9771.7,4161017.0,1292.0,310665.5,336.1,471.3,383.3,1296.4,2230.0,511.0,570.0
181,31/01/1994,386.9,343.9,43083.3,259.0,509.5,568.9,12135.5,3308.5,386.9,1450.6,816342.9,1420.9,9879.9,4180719.2,1302.3,313569.8,343.9,509.6,386.9,1319.2,3308.5,509.5,555.2
182,28/02/1994,381.9,337.2,40569.6,258.1,512.5,556.1,11979.9,3323.8,381.9,1432.3,811522.4,1401.9,9691.3,4156090.0,1287.1,309127.5,337.2,598.5,381.9,1317.8,3323.8,512.5,533.3
183,31/03/1994,384.1,332.5,40405.1,257.5,524.1,549.0,12051.7,3342.9,384.1,1440.4,825715.7,1410.7,9715.6,4178140.1,1295.9,310138.5,332.5,652.5,384.1,1327.5,3342.9,524.1,540.1
184,29/04/1994,377.3,325.9,39039.5,254.4,521.5,543.0,11834.4,3281.7,377.3,1414.9,814195.0,1385.6,9528.6,4123598.3,1273.6,305079.8,325.9,672.9,377.3,1354.5,3281.7,521.5,526.2
185,31/05/1994,381.4,322.4,39611.0,253.8,526.7,539.4,11965.0,3304.3,381.4,1430.4,824444.1,1401.5,9614.7,4179310.6,1289.2,307510.5,322.4,713.6,381.4,1387.7,3304.3,526.7,526.0
186,30/06/1994,385.6,321.3,39532.0,252.9,533.4,529.8,12093.2,3337.3,385.6,1445.8,835554.1,1416.2,9690.3,4207490.6,1303.5,310909.3,321.3,749.4,385.6,1399.6,3337.3,533.4,525.7
187,29/07/1994,385.5,310.8,37965.2,249.3,532.9,510.4,12092.6,3330.5,385.5,1445.8,835562.2,1416.1,9627.6,4213599.5,1301.3,310289.5,310.8,773.8,385.5,1414.6,3330.5,532.9,524.9
188,31/08/1994,380.4,306.7,38001.2,246.6,524.4,501.2,11931.7,3267.0,380.4,1426.5,823327.0,1396.7,9514.7,4177359.6,1283.5,305630.8,306.7,801.5,380.4,1369.2,3267.0,524.4,513.9
189,30/09/1994,391.6,312.4,38672.6,250.2,530.3,505.0,12283.6,3343.6,391.6,1468.6,852094.9,1438.3,9776.2,4299794.5,1320.6,313418.6,312.4,905.5,391.6,1392.6,3343.6,530.3,528.0
190,31/10/1994,389.8,305.5,38370.5,242.8,526.0,493.2,12227.1,3324.2,389.8,1462.3,846934.0,1431.2,9731.3,4260308.5,1316.0,311316.5,305.5,1145.1,389.8,1380.5,3324.2,526.0,528.0
191,30/11/1994,384.4,305.9,37668.1,242.0,524.4,498.1,12065.8,3273.7,384.4,1441.8,836226.4,1411.5,9604.0,4242467.7,1304.3,306044.2,305.9,1208.6,384.4,1354.9,3273.7,524.4,509.2
192,30/12/1994,379.3,309.3,37998.0,243.1,525.9,504.1,11904.5,3219.3,379.3,1422.6,829880.3,1396.4,9521.1,4192392.0,1292.2,300339.1,309.3,1278.6,379.3,1350.7,3219.3,525.9,490.2
193,31/01/1995,378.6,302.5,37728.4,240.4,535.1,486.9,11875.4,3195.3,378.6,1419.9,838407.9,1390.3,9507.8,4196877.9,1286.9,299299.6,302.5,1454.3,378.6,1339.7,3195.3,535.1,495.1
194,28/02/1995,376.6,297.1,36976.3,239.6,527.4,478.6,11817.6,3177.0,376.6,1412.5,835416.0,1383.3,9420.7,4198804.5,1281.5,297871.8,297.1,1590.5,376.6,1341.2,3177.0,527.4,506.1
195,31/03/1995,382.1,290.6,34573.1,238.8,538.1,447.1,12074.7,3220.3,382.1,1433.1,850719.7,1403.4,9462.2,4268227.8,1301.9,297294.5,290.6,1789.3,382.1,1375.5,3220.3,538.1,520.1
196,28/04/1995,391.0,292.5,32759.1,243.3,538.4,444.6,12278.7,3293.2,391.0,1466.6,872017.5,1436.2,9605.7,4394921.4,1333.8,299898.0,292.5,1958.0,391.0,1408.5,3293.2,538.4,531.7
197,31/05/1995,385.2,291.4,32803.0,242.8,524.2,451.0,12101.2,3203.6,385.2,1444.8,858645.8,1414.8,9500.0,4328125.6,1316.4,293269.4,291.4,1955.2,385.2,1409.2,3203.6,524.2,529.9
198,30/06/1995,387.6,289.9,32762.3,243.0,533.9,448.3,12166.9,3217.0,387.6,1453.6,863244.0,1423.4,9557.1,4340752.8,1322.6,294864.6,289.9,1855.1,387.6,1419.0,3217.0,533.9,538.4
199,31/07/1995,386.2,285.4,33706.9,242.1,525.9,446.2,12118.5,3206.0,386.2,1448.6,861411.2,1418.6,9558.6,4258875.0,1314.6,292312.1,285.4,1753.8,386.2,1405.6,3206.0,525.9,531.0
200,31/08/1995,383.7,291.4,36304.7,244.7,520.1,458.8,12110.8,3187.4,383.7,1439.0,863833.7,1409.1,9573.4,4250802.3,1304.5,294769.8,291.4,1706.5,383.7,1396.0,3187.4,520.1,517.5
201,29/09/1995,383.1,294.3,38445.3,245.8,517.4,455.0,12720.7,3186.5,383.1,1436.6,870059.0,1406.9,9621.1,4227968.5,1302.6,295641.6,294.3,1707.5,383.1,1402.4,3186.5,517.4,508.1
202,31/10/1995,383.1,287.7,38616.1,242.8,515.4,438.8,13245.3,3185.9,383.1,1437.0,868385.2,1407.2,9620.7,4219707.9,1302.7,293919.3,287.7,1726.6,383.1,1398.4,3185.9,515.4,505.9
203,30/11/1995,385.3,288.3,39256.6,246.6,521.3,440.7,13363.8,3203.2,385.3,1445.1,879399.4,1415.2,9694.3,4258930.0,1310.5,296565.2,288.3,1758.8,385.3,1405.3,3203.2,521.3,517.1
204,29/12/1995,387.4,293.5,39386.2,251.8,530.9,451.1,13534.6,3221.8,387.4,1453.2,885577.4,1423.1,9745.6,4252109.0,1318.4,298644.9,293.5,1789.8,387.4,1419.5,3221.8,530.9,523.0
205,31/01/1996,399.5,305.1,42193.5,261.1,546.0,471.4,14294.6,3322.8,399.5,1498.1,914804.0,1467.2,10099.2,4403951.9,1358.3,314480.6,305.1,1887.6,399.5,1454.2,3322.8,546.0,538.4
206,29/02/1996,404.8,309.8,42784.8,263.5,556.8,484.0,14788.7,3365.1,404.8,1518.0,931424.9,1486.6,10217.1,4449920.3,1376.6,315714.3,309.8,1918.5,404.8,1515.7,3365.1,556.8,535.6
207,29/03/1996,396.2,304.5,41963.9,259.4,540.9,473.7,13584.9,3300.3,396.2,1485.9,923478.3,1455.2,9996.2,4366029.3,1347.0,309488.7,304.5,1917.8,396.2,1556.8,3300.3,540.9,513.4
208,30/04/1996,392.9,306.0,42102.1,259.4,533.9,479.6,13425.7,3273.0,392.9,1473.3,915155.0,1442.9,9932.8,4336835.9,1336.3,306567.7,306.0,1932.6,392.9,1656.5,3273.0,533.9,499.6
209,31/05/1996,391.9,308.9,41703.6,258.7,536.6,491.6,13662.2,3264.2,391.9,1469.9,913048.8,1439.5,9910.7,4316801.1,1333.0,306063.3,308.9,1957.1,391.9,1712.5,3264.2,536.6,491.6
210,28/06/1996,385.3,302.6,41978.4,249.9,526.1,484.5,13450.1,3206.4,385.3,1444.9,897646.6,1415.1,9766.7,4244365.7,1310.1,307558.7,302.6,1952.2,385.3,1676.0,3206.4,526.1,486.8
211,31/07/1996,383.5,296.7,41879.5,246.8,525.0,472.8,13582.6,3188.8,383.5,1438.2,895074.6,1408.5,9722.0,4222699.9,1303.8,311691.5,296.7,1975.8,383.5,1684.4,3188.8,525.0,485.8
212,30/08/1996,387.3,296.5,41771.8,249.8,531.4,466.0,13791.0,3217.9,387.3,1452.7,907093.9,1422.6,9793.4,4265702.5,1316.3,316596.8,296.5,2053.0,387.3,1753.2,3217.9,531.4,494.8
213,30/09/1996,383.2,296.8,42083.5,245.7,524.7,472.1,13670.9,3182.0,383.2,1437.1,892488.7,1407.3,9720.4,4221790.4,1302.6,315031.7,296.8,2064.2,383.2,1724.5,3182.0,524.7,483.1
214,31/10/1996,381.1,298.2,42824.1,240.3,514.7,479.4,13586.4,3162.8,381.1,1429.2,885530.1,1399.5,9706.2,4197634.7,1295.5,315203.6,298.2,2072.0,381.1,1743.9,3162.8,514.7,481.2
215,29/11/1996,377.9,292.7,42420.1,227.3,505.6,481.7,13495.4,3136.1,377.9,1417.1,883246.9,1387.7,9619.7,4173974.4,1284.4,312768.8,292.7,2073.6,377.9,1758.7,3136.1,505.6,474.1
216,31/12/1996,369.0,292.4,41975.3,222.1,502.3,489.5,13224.6,3062.4,369.0,1383.9,868453.7,1355.2,9439.9,4107390.0,1254.5,309643.9,292.4,2043.7,369.0,1729.2,3062.4,502.3,462.8
217,31/01/1997,355.1,290.0,41848.4,214.1,479.1,493.9,12735.5,2945.9,355.1,1331.8,841519.6,1304.0,9134.1,4005411.4,1207.2,302169.0,290.0,1992.2,355.1,1648.1,2945.9,479.1,456.6
218,28/02/1997,346.6,296.6,42627.8,213.3,469.6,504.3,12433.5,2874.2,346.6,1299.8,826035.7,1272.7,8996.2,3862842.2,1177.0,300240.3,296.6,1961.1,346.6,1543.2,2874.2,469.6,451.2
219,31/03/1997,351.8,305.5,43127.2,219.0,482.3,515.4,12615.8,2918.5,351.8,1319.4,844200.4,1291.9,9130.8,4064658.7,1193.9,309222.6,305.5,2007.2,351.8,1559.5,2918.5,482.3,446.4
220,30/04/1997,344.5,301.0,43271.4,211.4,480.1,503.3,12333.8,2857.6,344.5,1292.0,831282.1,1265.1,8976.2,4014246.4,1169.2,307812.3,301.0,1978.4,344.5,1530.0,2857.6,480.1,442.2
221,30/05/1997,343.8,299.2,40844.1,210.5,474.6,492.0,12310.7,2851.4,343.8,1289.6,837461.1,1262.8,8845.1,4012443.4,1167.1,306819.1,299.2,1979.9,343.8,1535.7,2851.4,474.6,443.9
222,30/06/1997,340.8,300.2,38953.7,207.2,471.5,491.4,12198.1,2825.4,340.8,1278.1,827918.5,1251.5,8588.9,3974189.5,1156.8,303008.9,300.2,1964.8,340.8,1533.3,2825.4,471.5,451.9
223,31/07/1997,324.1,295.5,37343.3,194.1,446.3,480.0,11578.4,2687.2,324.1,1215.6,812820.5,1190.3,9767.2,3783913.4,1099.6,288738.1,295.5,1876.4,324.1,1477.6,2687.2,446.3,436.5
224,29/08/1997,324.0,303.7,38167.1,202.1,450.2,490.0,11634.2,2685.9,324.0,1215.2,887400.3,1190.0,10484.1,3787682.4,1099.9,290405.5,303.7,1883.4,324.0,1517.6,2685.9,450.2,437.8
225,30/09/1997,322.8,293.8,39003.5,201.6,447.7,474.9,11757.6,2675.3,322.8,1210.8,970734.7,1185.7,11731.8,3779056.6,1096.6,293805.9,293.8,1889.7,322.8,1513.6,2675.3,447.7,445.9
226,31/10/1997,324.9,290.7,39299.3,199.0,450.4,471.6,11768.3,2691.2,324.9,1218.5,1167183.4,1193.2,12203.1,3875554.3,1104.1,300661.8,290.7,1908.3,324.9,1530.2,2691.2,450.4,450.6
227,28/11/1997,306.0,269.9,38365.7,181.2,432.3,430.5,11389.3,2534.3,306.0,1147.9,1056976.9,1124.0,12016.8,3739539.5,1040.6,315867.7,269.9,1809.4,306.0,1480.4,2534.3,432.3,440.5
228,31/12/1997,288.7,261.6,37417.9,173.9,411.7,415.5,11323.3,2390.7,288.7,1083.0,1384907.9,1060.5,12857.8,3550890.4,982.8,426438.2,261.6,1715.2,288.7,1406.3,2390.7,411.7,435.2
229,30/01/1998,289.1,267.9,37424.0,176.7,416.5,426.4,11340.2,2393.4,289.1,1084.4,2894831.1,1061.8,15460.4,3553371.6,984.8,490344.2,267.9,1741.0,289.1,1428.5,2393.4,416.5,440.1
230,27/02/1998,297.5,275.4,37421.9,181.3,426.7,435.1,11575.8,2463.0,297.5,1115.8,2743409.4,1092.7,13681.2,3757064.5,1013.3,483791.0,275.4,1799.7,297.5,1467.4,2463.0,426.7,441.4
231,31/03/1998,295.9,276.0,38205.4,178.1,419.4,440.8,11692.8,2450.2,295.9,1110.0,2850764.8,1087.0,12204.7,3841054.0,1009.6,440763.5,276.0,1798.1,295.9,1471.8,2450.2,419.4,441.8
232,30/04/1998,308.3,285.3,40669.8,184.3,440.7,463.6,12222.7,2552.3,308.3,1156.2,2514057.2,1132.3,12188.7,4002787.6,1053.0,428066.6,285.3,1889.6,308.3,1555.6,2552.3,440.7,472.5
233,29/05/1998,299.1,271.0,40358.4,182.7,432.3,441.9,12081.6,2476.2,299.1,1121.8,3122725.1,1098.6,11703.2,3882953.0,1021.5,418457.0,271.0,1839.5,299.1,1522.9,2476.2,432.3,474.3
234,30/06/1998,292.3,267.4,40991.6,177.1,428.3,436.8,12345.3,2420.3,292.3,1096.5,4011371.5,1073.7,12353.0,3796151.3,997.9,408020.2,267.4,1813.1,292.3,1574.5,2420.3,428.3,483.4
235,31/07/1998,292.9,268.8,41200.8,178.2,435.2,443.1,12449.4,2424.9,292.9,1098.5,4168839.3,1075.7,12073.1,3804374.7,1000.8,378969.6,268.8,1827.9,292.9,1824.7,2424.9,435.2,473.7
236,31/08/1998,284.1,259.6,41159.1,174.1,435.3,425.1,12148.9,2352.4,284.1,1066.0,3499882.9,1043.5,11824.3,3897461.6,971.6,372231.3,259.6,2114.0,284.1,1794.1,2352.4,435.3,481.5
237,30/09/1998,289.0,251.0,38849.2,171.8,439.7,404.7,12285.0,2392.5,289.0,1083.9,3230020.1,1061.4,11661.9,4017913.9,985.1,396769.3,251.0,4530.7,289.0,1760.7,2392.5,439.7,490.6
238,30/10/1998,295.9,247.9,35785.7,174.6,457.0,395.7,12525.9,2449.6,295.9,1109.9,2565304.0,1086.9,11272.7,4114684.4,1009.1,396918.7,247.9,4880.4,295.9,1714.8,2449.6,457.0,478.8
239,30/11/1998,294.1,252.9,35396.7,177.0,453.2,407.2,12465.3,2434.7,294.1,1103.1,2310003.9,1080.3,10721.8,4086475.7,1003.0,379485.6,252.9,5096.4,294.1,1663.5,2434.7,453.2,463.2
240,31/12/1998,291.7,248.8,34223.6,174.6,449.8,396.1,12413.6,2414.5,291.7,1094.4,2230627.0,1071.3,10555.9,4052365.1,995.2,353585.4,248.8,6111.8,291.7,1721.0,2414.5,449.8,470.7
241,29/01/1999,287.1,247.6,32530.3,173.9,436.2,397.5,12205.4,2377.0,287.1,1077.0,2441321.0,1054.6,10503.7,3986722.1,979.3,336997.3,247.6,6611.9,287.1,1718.5,2377.0,436.2,453.9
242,26/02/1999,287.3,256.6,33491.7,176.5,430.2,410.0,12209.1,2378.6,287.3,1077.8,2517293.1,1055.3,10656.1,3988649.7,980.4,341057.6,256.6,6640.6,287.3,1756.6,2378.6,430.2,448.8
243,31/03/1999,286.0,262.7,34177.2,176.3,433.9,419.1,12136.4,2367.5,286.0,1072.5,2551780.0,1050.3,10717.5,3975095.3,975.5,351223.7,262.7,6912.5,286.0,1775.7,2367.5,433.9,453.3
244,30/04/1999,282.6,264.1,33798.0,175.5,420.3,423.2,12079.2,2339.8,282.6,1059.9,2428583.8,1038.0,10626.9,3929443.1,965.3,340439.6,264.1,7162.7,282.6,1727.4,2339.8,420.3,439.4
245,31/05/1999,276.4,259.8,33748.5,171.1,403.9,416.3,11823.4,2288.5,276.4,1036.8,2195817.4,1015.4,10228.0,3845477.1,944.4,331115.7,259.8,6833.9,276.4,1710.5,2288.5,403.9,416.8
246,30/06/1999,261.3,251.9,31554.0,163.8,384.0,401.8,11273.4,2163.2,261.3,980.1,1921893.2,959.8,9644.2,3637294.5,892.1,305337.7,251.9,6386.0,261.3,1590.1,2163.2,384.0,398.1
247,30/07/1999,256.1,247.3,30602.1,162.6,380.9,396.7,11083.2,2119.7,256.1,960.4,1731870.1,940.6,9502.3,3571043.4,875.0,303974.7,247.3,6235.4,256.1,1564.5,2119.7,380.9,389.9
248,31/08/1999,256.7,241.9,29099.3,159.7,383.1,387.1,11153.5,2124.7,256.7,962.7,1904806.8,942.8,9759.9,3582556.8,877.2,307569.9,241.9,6361.1,256.7,1573.6,2124.7,383.1,397.8
249,30/09/1999,264.7,251.9,28313.0,162.9,391.0,403.5,11526.2,2191.4,264.7,992.9,2186589.0,972.4,10593.7,3700437.2,904.3,317781.3,251.9,6758.3,264.7,1602.5,2191.4,391.0,407.4
250,29/10/1999,310.7,290.4,32946.3,187.5,459.0,463.0,13499.4,2572.0,310.7,1165.3,2338131.1,1141.3,12243.6,4350855.2,1061.2,374391.5,290.4,8024.2,310.7,1894.6,2572.0,459.0,476.9
251,30/11/1999,293.2,284.0,30682.5,180.8,430.0,455.9,12723.1,2427.1,293.2,1099.6,2050526.5,1076.9,11355.4,4108134.0,1003.2,344676.6,284.0,7730.0,293.2,1800.2,2427.1,430.0,458.9
252,31/12/1999,283.1,280.0,29055.4,175.5,417.6,448.2,12307.4,2343.6,283.1,1061.7,2024636.5,1039.7,10846.4,3968515.3,969.3,321751.8,280.0,7613.9,283.1,1739.8,2343.6,417.6,442.4
253,31/01/2000,284.3,280.9,29969.8,173.3,411.8,452.5,12383.2,2353.9,284.3,1066.3,2069501.0,1044.3,10626.6,3992290.3,974.1,321342.9,280.9,8059.4,284.3,1742.1,2353.9,411.8,432.5
254,29/02/2000,299.9,304.9,32820.3,187.4,435.2,489.9,13076.2,2482.3,299.9,1124.6,2225847.1,1101.4,11322.2,4215363.4,1027.1,338685.6,304.9,8622.6,299.9,1894.6,2482.3,435.2,477.5
255,31/03/2000,286.4,296.8,30451.5,181.2,418.3,476.2,12481.8,2370.9,286.4,1074.1,2137488.3,1051.9,10855.4,4026941.9,983.1,319660.5,296.8,8156.8,286.4,1851.5,2370.9,418.3,469.9
256,28/04/2000,279.7,295.4,29544.7,176.6,410.5,465.0,12205.7,2315.7,279.7,1049.0,2172765.5,1027.3,10623.0,3933143.4,960.1,310514.3,295.4,8003.6,279.7,1855.2,2315.7,410.5,469.0
257,31/05/2000,275.2,304.0,29797.8,182.6,411.6,473.1,12100.2,2278.0,275.2,1032.1,2295849.1,1010.7,10719.8,3873366.9,947.1,308091.7,304.0,7797.0,275.2,1937.1,2278.0,411.6,476.0
258,30/06/2000,285.7,300.7,30307.7,189.4,422.0,469.4,12766.6,2365.1,285.7,1071.7,2460128.7,1049.5,11163.7,4024344.1,989.6,319341.5,300.7,8072.3,285.7,1975.3,2365.1,422.0,480.1
259,31/07/2000,281.6,299.5,30440.9,186.6,416.2,464.4,12608.5,2331.3,281.6,1056.1,2577848.3,1034.2,11332.6,3967520.1,980.5,313913.9,299.5,7838.9,281.6,1939.6,2331.3,416.2,479.1
260,31/08/2000,274.5,303.3,29675.0,184.1,406.9,470.7,12537.3,2272.5,274.5,1029.5,2318791.8,1008.1,11217.9,3871134.6,960.0,305860.5,303.3,7615.8,274.5,1909.5,2272.5,406.9,471.9
261,29/09/2000,273.7,314.1,29213.3,190.7,406.6,480.6,12557.9,2265.7,273.7,1026.5,2360137.3,1005.2,11472.2,3875130.3,968.7,305463.8,314.1,7613.2,273.7,1961.6,2265.7,406.6,494.1
262,31/10/2000,270.0,316.2,29280.7,186.1,408.2,478.2,12511.2,2235.2,270.0,1012.7,2414159.3,991.7,11684.0,3862147.1,999.2,304862.8,316.2,7529.1,270.0,2019.4,2235.2,408.2,510.6
263,30/11/2000,266.0,311.0,28994.0,186.6,410.3,473.0,12441.9,2201.8,266.0,997.8,2487373.6,977.0,11643.6,3844075.2,1007.6,307823.7,311.0,7406.4,266.0,2045.3,2201.8,410.3,509.4
264,29/12/2000,271.5,303.9,30384.6,186.0,413.9,459.5,12690.7,2246.8,271.5,1018.1,2564217.6,997.0,11764.1,3938596.3,1035.1,328373.6,303.9,7607.0,271.5,2078.8,2246.8,413.9,498.0
265,31/01/2001,265.5,283.2,31011.5,179.8,399.1,432.9,12352.3,2197.6,265.5,995.7,2516060.2,975.1,11452.9,3858974.8,1020.9,337802.3,283.2,7541.7,265.5,2063.9,2197.6,399.1,478.4
266,28/02/2001,261.9,284.4,30435.5,180.2,398.6,436.8,12181.4,2167.5,261.9,982.1,2527846.2,961.8,11167.4,3811724.2,1016.5,327893.6,284.4,7499.9,261.9,2046.4,2167.5,398.6,490.6
267,30/03/2001,263.0,289.4,31928.8,182.0,409.9,444.3,12260.3,2177.2,263.0,986.5,2687371.4,966.1,11560.0,3827377.4,1019.2,339469.0,289.4,7551.3,263.0,2074.9,2177.2,409.9,522.5
268,30/04/2001,260.5,291.9,32219.0,181.5,405.5,446.4,12175.4,2156.0,260.5,976.9,2901390.8,956.7,11844.5,3791466.5,1012.2,345764.9,291.9,7525.7,260.5,2105.3,2156.0,405.5,520.1
269,31/05/2001,272.4,311.5,33173.6,191.0,419.7,477.6,12777.7,2254.3,272.4,1021.4,3071386.3,1000.4,12391.8,3977007.0,1057.0,353402.7,311.5,7911.2,272.4,2171.2,2254.3,419.7,523.4
270,29/06/2001,270.2,316.9,33055.0,192.8,411.9,482.5,12699.0,2236.7,270.2,1013.5,3057267.7,992.6,12226.0,3991175.4,1048.8,349579.4,316.9,7876.1,270.2,2177.5,2236.7,411.9,521.6
271,31/07/2001,267.5,310.9,33315.3,189.2,409.2,470.6,12608.9,2214.3,267.5,1003.4,2908674.4,982.6,12203.2,3985318.4,1055.3,348610.7,310.9,7823.6,267.5,2193.2,2214.3,409.2,525.4
272,31/08/2001,272.4,302.5,33071.9,189.6,419.3,458.1,12835.3,2254.5,272.4,1021.5,2444395.0,1000.5,12234.2,4079712.9,1143.3,350040.7,302.5,7998.7,272.4,2262.4,2254.5,419.3,519.6
273,28/09/2001,283.4,311.0,33597.7,193.7,444.0,463.5,13501.6,2345.8,283.4,1063.0,2636663.4,1041.0,12564.1,4251085.0,1206.5,367175.2,311.0,8347.4,283.4,2455.8,2345.8,444.0,561.0
274,31/10/2001,283.1,312.4,34340.4,195.0,444.6,462.3,13589.7,2342.8,283.1,1061.6,2853850.7,1039.7,12660.6,4252167.6,1204.9,368811.3,312.4,8369.6,283.1,2625.4,2342.8,444.6,561.1
275,30/11/2001,276.2,310.9,33792.6,192.4,439.9,455.9,13254.2,2285.8,276.2,1035.7,2916479.2,1014.3,12259.5,4156943.9,1177.8,354242.4,310.9,8241.3,276.2,2688.4,2285.8,439.9,534.5
276,31/12/2001,275.9,308.9,35036.1,191.6,434.7,455.7,13205.2,2283.2,275.9,1034.5,2831577.5,1013.2,12110.0,4156271.2,1218.6,355317.4,308.9,8324.6,275.9,3194.9,2283.2,434.7,536.1
277,31/01/2002,281.5,318.8,37348.1,196.6,450.5,470.2,13596.5,2330.0,281.5,1055.8,2925867.6,1034.0,12390.5,4252076.5,1298.2,370743.6,318.8,8611.2,281.5,3265.9,2330.0,450.5,544.8
278,28/02/2002,295.5,339.5,39476.6,207.7,471.5,501.6,14378.4,2445.7,295.5,1108.2,3022141.3,1085.4,12949.9,4470790.4,1366.9,390255.0,339.5,9122.2,295.5,3395.9,2445.7,471.5,576.3
279,29/03/2002,294.1,335.4,38508.0,206.7,466.5,492.3,14325.4,2433.9,294.1,1102.8,2914224.7,1080.1,12758.4,4458291.8,1361.9,388948.8,335.4,9148.8,294.1,3373.4,2433.9,466.5,560.1
280,30/04/2002,302.7,341.4,39530.2,209.7,478.6,500.4,14799.4,2505.4,302.7,1135.1,2869777.7,1111.8,13139.6,4605576.8,1401.7,398807.0,341.4,9445.0,302.7,3348.9,2505.4,478.6,565.3
281,31/05/2002,314.5,342.9,39703.4,215.5,487.0,499.6,15400.2,2603.0,314.5,1179.4,2863073.8,1155.1,13458.7,4793631.9,1453.6,396790.5,342.9,9836.6,314.5,3182.9,2603.0,487.0,571.0
282,28/06/2002,321.2,335.3,39574.6,216.2,492.3,493.7,15714.3,2658.4,321.2,1204.5,2801198.5,1179.7,13526.4,4902979.5,1486.7,392741.7,335.3,10102.5,321.2,3278.7,2658.4,492.3,565.7
283,31/07/2002,313.3,315.7,36975.9,201.5,484.2,461.6,15270.2,2593.0,313.3,1174.9,2809582.3,1150.7,12922.2,4794156.3,1451.0,371231.0,315.7,9883.1,313.3,3162.7,2593.0,484.2,566.2
284,30/08/2002,310.3,317.2,36918.3,201.8,487.2,464.4,15067.0,2567.9,310.3,1163.5,2768645.7,1139.5,13079.6,4755127.1,1437.0,371333.9,317.2,9800.0,310.3,3279.9,2567.9,487.2,573.2
285,30/09/2002,319.1,325.3,38579.9,205.1,502.6,476.4,15452.8,2641.5,319.1,1196.9,2858141.3,1172.2,13674.3,4894172.5,1479.2,386235.1,325.3,10103.2,319.1,3381.4,2641.5,502.6,583.8
286,31/10/2002,316.6,322.5,39209.4,203.3,499.6,472.5,15303.8,2620.1,316.6,1187.2,2894425.4,1162.7,13812.1,4860618.5,1466.4,392615.0,322.5,10041.7,316.6,3262.3,2620.1,499.6,575.3
287,29/11/2002,319.1,318.5,38762.2,202.9,501.3,467.3,15391.0,2641.0,319.1,1196.6,2893030.9,1172.0,13819.9,4905438.8,1478.6,386470.4,318.5,10158.0,319.1,3074.3,2641.0,501.3,568.4
288,31/12/2002,331.9,326.3,40539.3,209.4,517.6,479.4,15973.1,2747.4,331.9,1244.8,2961648.7,1219.1,14382.0,5109980.1,1537.5,401314.1,326.3,10573.6,331.9,2976.2,2747.4,517.6,589.9
289,31/01/2003,356.9,335.9,42392.4,220.7,549.9,491.2,17094.4,2953.7,356.9,1338.3,3172037.2,1310.7,15259.4,5502149.0,1684.8,420205.3,335.9,11361.7,356.9,3101.9,2953.7,549.9,611.9
290,28/02/2003,359.0,333.0,42880.3,223.2,543.1,488.6,17136.7,2971.3,359.0,1346.2,3192660.9,1318.5,15397.6,5539594.4,1979.8,427784.8,333.0,11367.4,359.0,2970.3,2971.3,543.1,603.3
291,31/03/2003,340.6,315.0,40390.1,215.0,502.6,462.8,16221.2,2818.8,340.6,1277.1,3038554.5,1250.8,14561.6,5258463.0,1939.5,420964.4,315.0,10709.3,340.6,2737.1,2818.8,502.6,565.7
292,30/04/2003,328.2,302.3,39347.9,208.4,478.8,452.2,15547.4,2716.4,328.2,1230.7,2890958.8,1205.4,14086.5,5073845.1,1922.8,404596.8,302.3,10239.2,328.2,2513.5,2716.4,478.8,538.6
293,30/05/2003,355.7,307.4,41713.4,219.1,491.6,465.6,16744.2,2943.9,355.7,1333.9,2996507.7,1306.4,14998.7,5501310.6,2119.8,426954.7,307.4,10994.8,355.7,2732.0,2943.9,491.6,549.4
294,30/06/2003,356.4,305.4,42166.8,214.6,482.4,470.4,16640.5,2949.6,356.4,1336.4,2930094.8,1308.9,14842.1,5518031.7,2136.3,425465.7,305.4,10859.2,356.4,2805.4,2949.6,482.4,535.9
295,31/07/2003,351.0,308.6,41658.9,216.2,484.6,477.3,16221.3,2905.5,351.0,1316.4,2927177.6,1289.3,14665.4,5443746.9,2142.3,414366.7,308.6,10655.0,351.0,2645.3,2905.5,484.6,530.3
296,29/08/2003,359.8,322.3,42714.5,225.6,502.1,496.4,16520.0,2977.8,359.8,1349.2,3062640.6,1321.4,14984.7,5582491.9,2211.1,424092.3,322.3,10923.5,359.8,2654.0,2977.8,502.1,552.0
297,30/09/2003,379.0,336.9,43535.2,235.0,517.0,521.2,17365.8,3136.6,379.0,1421.2,3204008.4,1391.8,15335.9,5886948.4,2327.4,441435.9,336.9,11593.9,379.0,2766.2,3136.6,517.0,572.3
298,31/10/2003,378.9,323.5,41477.3,225.7,500.9,501.0,17195.6,3136.2,378.9,1421.0,3197786.8,1391.7,15053.9,5900713.3,2327.0,442259.2,323.5,11414.9,378.9,2637.4,3136.2,500.9,545.4
299,28/11/2003,389.9,332.8,42555.8,230.7,511.5,518.9,17756.6,3227.3,389.9,1462.3,3314757.8,1432.1,15564.5,6097347.4,2397.1,462464.5,332.8,11617.4,389.9,2617.3,3227.3,511.5,544.1
300,31/12/2003,407.0,331.8,43890.8,232.9,535.2,515.8,18538.2,3368.4,407.0,1526.2,3454718.5,1494.7,16173.9,6363694.4,2506.6,484718.6,331.8,11980.6,407.0,2644.2,3368.4,535.2,551.3
301,30/01/2004,413.8,327.8,43990.1,226.9,536.6,513.4,18794.8,3424.9,413.8,1551.8,3469316.7,1519.9,16180.2,6483168.0,2550.7,489577.7,327.8,11927.5,413.8,2879.1,3424.9,536.6,536.9
302,27/02/2004,404.9,320.3,43176.3,216.8,538.6,504.0,18312.7,3351.2,404.9,1518.4,3413922.0,1487.1,15820.1,6366997.7,2500.7,472152.5,320.3,11541.9,404.9,2731.9,3351.2,538.6,520.9
303,31/03/2004,406.7,331.5,44106.9,222.6,540.4,519.1,18270.1,3366.0,406.7,1525.0,3489038.8,1493.7,16040.9,6405463.9,2517.3,474095.5,331.5,11602.6,406.7,2687.6,3366.0,540.4,542.5
304,30/04/2004,403.3,336.4,43445.9,223.9,541.6,523.3,17697.8,3337.8,403.3,1512.3,3478531.4,1481.2,15906.2,6340635.3,2496.5,464926.3,336.4,11585.0,403.3,2655.4,3337.8,541.6,543.2
305,31/05/2004,383.8,319.8,43084.4,214.7,529.1,492.4,17331.1,3176.6,383.8,1439.3,3457972.4,1409.6,15568.1,6042354.0,2374.4,451824.5,319.8,11125.8,383.8,2601.4,3176.6,529.1,545.5
306,30/06/2004,392.4,323.1,42917.9,214.7,532.8,490.6,17842.5,3247.5,392.4,1471.5,3685058.4,1441.2,16010.2,6172277.8,2432.6,454571.6,323.1,11390.9,392.4,2518.9,3247.5,532.8,565.1
307,30/07/2004,398.1,324.5,43556.1,216.0,526.7,495.5,18313.2,3294.9,398.1,1492.9,3597136.6,1462.2,16293.0,6263114.5,2471.5,461052.0,324.5,11576.0,398.1,2439.2,3294.9,526.7,556.1
308,31/08/2004,400.5,328.3,44161.4,219.9,525.6,505.1,18543.6,3314.9,400.5,1502.0,3704218.8,1471.1,16620.3,6312059.0,2488.6,463686.8,328.3,11703.9,400.5,2585.8,3314.9,525.6,562.5
309,30/09/2004,405.3,331.9,44620.6,226.1,522.5,512.2,18660.0,3354.3,405.3,1519.9,3722495.1,1488.6,16802.8,6385324.5,2524.5,465393.9,331.9,11841.9,405.3,2648.4,3354.3,522.5,577.2
310,29/10/2004,420.5,336.5,45747.1,232.8,524.3,519.0,19229.4,3480.0,420.5,1576.8,3826608.7,1544.4,17363.8,6624147.1,2623.7,480018.9,336.5,12215.6,420.5,2686.8,3480.0,524.3,573.1
311,30/11/2004,439.4,337.9,45993.8,236.2,525.6,514.1,19796.1,3636.5,439.4,1647.7,3961912.9,1613.7,17694.7,6924788.8,2736.0,477252.2,337.9,12550.3,439.4,2652.3,3636.5,525.6,569.9
312,31/12/2004,442.1,330.8,45961.3,229.3,539.4,507.7,19417.4,3658.8,442.1,1657.9,4074686.6,1623.6,17347.2,6974384.8,2748.2,465229.9,330.8,12344.3,442.1,2543.8,3658.8,539.4,577.5
313,31/01/2005,424.0,323.9,43831.0,226.0,519.5,501.1,18523.0,3509.5,424.0,1590.2,3899854.4,1557.3,16422.2,6692656.1,2498.3,440219.5,323.9,11861.4,424.0,2540.7,3509.5,519.5,554.2
314,28/02/2005,423.4,325.3,44440.2,224.3,525.1,504.2,18481.5,3503.8,423.4,1587.7,3916273.7,1554.9,16283.5,6688207.7,2460.4,432648.4,325.3,11835.1,423.4,2544.1,3503.8,525.1,542.0
315,31/03/2005,434.3,328.7,45647.0,227.7,527.9,509.3,18957.7,3594.7,434.3,1628.8,4072054.8,1595.2,16747.4,6866873.2,2520.2,437413.3,328.7,11999.4,434.3,2614.2,3594.7,527.9,552.3
316,29/04/2005,429.2,331.7,46030.3,226.4,530.7,513.2,18760.7,3552.5,429.2,1609.7,4102157.9,1576.5,16974.4,6793497.4,2489.5,433627.1,331.7,11932.5,429.2,2640.7,3552.5,530.7,555.2
317,31/05/2005,421.9,332.5,44994.8,227.6,529.9,513.8,18341.2,3491.6,421.9,1582.1,3998213.4,1549.5,16799.8,6682889.4,2446.0,422980.0,332.5,11792.4,421.9,2676.1,3491.6,529.9,551.0
318,30/06/2005,430.7,354.3,46825.6,236.9,534.2,545.3,18757.9,3564.3,430.7,1615.0,4147280.8,1581.8,17629.1,6830689.5,2496.3,435999.6,354.3,12282.4,430.7,2904.5,3564.3,534.2,561.5
319,29/07/2005,424.5,352.7,47517.1,242.4,519.7,549.5,18460.4,3489.5,424.5,1591.9,4163412.9,1559.1,17702.4,6735694.0,2453.8,440298.5,352.7,12180.1,424.5,2845.6,3489.5,519.7,564.2
320,31/08/2005,437.9,356.1,48441.2,244.1,527.6,553.2,19085.3,3548.1,437.9,1642.4,4362387.7,1608.5,18017.5,6951049.4,2528.0,447400.4,356.1,12469.1,437.9,2830.7,3548.1,527.6,574.9
321,30/09/2005,456.1,372.5,50677.7,252.4,537.3,577.3,20011.1,3690.3,456.1,1710.5,4667042.8,1675.0,18720.4,7242476.8,2629.9,469673.3,372.5,12942.4,456.1,2901.6,3690.3,537.3,595.8
322,31/10/2005,469.9,390.9,53971.6,266.4,553.2,605.5,21049.6,3801.1,469.9,1762.6,4740756.9,1725.8,19224.5,7472628.3,2707.2,491644.5,390.9,13420.2,469.9,3094.1,3801.1,553.2,623.5
323,30/11/2005,476.7,404.6,56475.6,275.0,563.3,625.3,21769.3,3853.2,476.7,1787.7,4784207.8,1750.8,19606.3,7579782.3,2745.8,496037.1,404.6,13718.1,476.7,3170.6,3853.2,563.3,648.4
324,30/12/2005,510.1,430.0,60556.7,291.7,592.1,665.2,23298.0,4119.6,510.1,1913.1,5024330.0,1873.6,20978.9,8113252.6,2932.0,522699.1,430.0,14692.4,510.1,3243.4,4119.6,592.1,685.1
325,31/01/2006,549.9,453.5,63480.0,311.0,636.6,702.6,24324.0,4434.6,549.9,2062.2,5201502.9,2019.7,21742.5,8750038.4,3154.4,539851.7,453.5,15575.8,549.9,3341.5,4434.6,636.6,733.0
326,28/02/2006,555.0,465.0,65429.5,317.7,637.8,724.7,24565.6,4467.9,555.0,2081.4,5136238.0,2038.5,21860.6,8837306.6,3182.7,538401.2,465.0,15652.4,555.0,3394.7,4467.9,637.8,748.5
327,31/03/2006,557.1,463.3,65352.1,319.5,644.9,727.3,24750.2,4475.9,557.1,2089.3,5102303.4,2046.1,21703.8,8865592.7,3198.0,543162.4,463.3,15522.6,557.1,3481.3,4475.9,644.9,767.3
328,28/04/2006,610.7,497.2,71398.9,345.2,698.5,783.0,27413.1,4893.7,610.7,2290.3,5449063.9,2242.9,23177.4,9729021.2,3510.5,581505.0,497.2,16817.4,610.7,3714.2,4893.7,698.5,828.4
329,31/05/2006,675.4,528.6,75389.3,361.1,749.8,822.7,30618.5,5412.5,675.4,2532.5,6094246.1,2480.5,25658.9,10785714.4,3893.0,635469.2,528.6,18259.7,675.4,4271.0,5412.5,749.8,883.8
330,30/06/2006,596.2,470.9,68310.1,323.4,664.1,734.6,27435.6,4772.5,596.2,2235.9,5582800.1,2189.6,22870.8,9528377.7,3433.8,569030.3,470.9,16093.6,596.2,4154.0,4772.5,664.1,805.9
331,31/07/2006,633.7,499.5,73303.5,343.5,715.1,783.7,29447.3,5063.4,633.7,2376.7,5786829.9,2327.6,24069.0,10137789.3,3643.2,602559.7,499.5,17052.3,633.7,4482.4,5063.4,715.1,842.1
332,31/08/2006,632.6,493.7,73282.7,333.9,707.9,778.9,29436.7,5043.6,632.6,2372.5,5751598.3,2323.5,23785.7,10127953.9,3633.1,607987.1,493.7,16923.4,632.6,4389.5,5043.6,707.9,828.7
333,29/09/2006,598.2,470.1,70058.1,317.4,667.6,744.6,27583.2,4745.7,598.2,2243.4,5473109.0,2197.1,22397.6,9590895.5,3433.6,570038.1,470.1,16007.6,598.2,4450.3,4745.7,667.6,791.8
334,31/10/2006,585.8,464.4,69511.8,312.3,661.0,738.4,26628.0,4628.7,585.8,2196.4,5374841.7,2151.5,21853.8,9408536.2,3360.5,558507.2,464.4,15737.8,585.8,4475.8,4628.7,661.0,777.2
335,30/11/2006,627.8,487.1,73626.4,328.4,713.6,775.5,28147.2,4936.6,627.8,2354.6,5737641.6,2306.0,22928.6,10099787.6,3593.3,587303.2,487.1,16695.1,627.8,4549.4,4936.6,713.6,812.8
336,29/12/2006,629.8,476.5,73663.3,320.7,725.5,760.5,28116.5,4927.4,629.8,2361.9,5725087.1,2313.1,22481.4,10118408.0,3600.3,582313.9,476.5,16550.7,629.8,4435.2,4927.4,725.5,801.4
337,31/01/2007,631.2,485.9,76029.0,322.2,742.4,784.9,27961.2,4915.5,631.2,2367.3,5727884.2,2318.2,22345.4,10133526.0,3600.5,591362.2,485.9,16724.0,631.2,4538.1,4915.5,742.4,806.4
338,28/02/2007,664.7,508.2,80088.8,339.5,778.4,823.8,29348.2,5151.8,664.7,2493.1,6027945.0,2441.3,22589.8,10631069.5,3788.3,622956.4,508.2,17488.0,664.7,4771.2,5151.8,778.4,849.3
339,30/03/2007,654.9,494.5,76813.8,336.3,765.0,797.7,28785.0,5067.6,654.9,2455.6,6005972.1,2404.7,21936.4,10485740.6,3733.8,617581.0,494.5,17095.6,654.9,4815.4,5067.6,765.0,825.9
340,30/04/2007,679.4,502.0,80766.2,341.2,769.5,822.4,28611.5,5247.5,679.4,2548.0,6177502.0,2494.9,23696.2,10895179.0,3865.7,632311.1,502.0,17533.0,679.4,4825.1,5247.5,769.5,820.1
341,31/05/2007,666.9,493.4,80552.8,336.2,730.1,814.4,27238.3,5118.7,666.9,2501.0,5895945.7,2449.1,23089.3,10708805.6,3794.8,618892.1,493.4,17219.7,666.9,4681.5,5118.7,730.1,808.0
342,29/06/2007,655.5,488.6,80400.9,330.0,698.0,808.4,26735.6,5003.0,655.5,2458.4,5888820.6,2407.5,22668.0,10563111.7,3733.7,608392.9,488.6,16987.1,655.5,4691.6,5003.0,698.0,778.2
343,31/07/2007,665.3,484.8,80808.9,327.1,698.8,803.3,26890.0,5039.7,665.3,2495.2,6035213.9,2443.4,22421.7,10734589.7,3780.3,611073.4,484.8,16985.9,665.3,4639.4,5039.7,698.8,767.1
344,31/08/2007,665.4,488.5,77673.8,330.9,704.2,800.2,27161.7,5039.5,665.4,2495.8,6235382.7,2443.9,22749.3,10787003.2,3763.5,621903.9,488.5,17051.9,665.4,4807.8,5039.5,704.2,803.7
345,28/09/2007,712.7,512.3,81988.2,353.1,731.3,844.7,28735.7,5360.6,712.7,2670.0,6628552.0,2616.8,24412.4,11543558.2,4012.4,662249.7,512.3,18027.7,712.7,5063.7,5360.6,731.3,841.9
346,31/10/2007,754.6,530.3,87434.0,369.0,736.2,886.1,29824.5,5661.3,754.6,2822.7,6866299.8,2770.9,25775.8,12136690.4,4182.7,690258.0,530.3,18776.0,754.6,5102.9,5661.3,736.2,839.3
347,30/11/2007,806.3,549.4,89433.9,389.5,779.2,905.7,31812.3,5982.8,806.3,3007.0,7471028.8,2958.8,27318.6,12950947.4,4444.4,740207.8,549.4,19727.9,806.3,5414.1,5982.8,779.2,900.7
348,31/12/2007,803.2,551.5,90202.0,397.3,806.8,915.1,31693.9,5924.8,803.2,3009.8,7503725.7,2950.0,27075.5,12884709.2,4443.5,747254.5,551.5,19735.2,803.2,5477.8,5924.8,806.8,920.8
349,31/01/2008,889.6,604.4,95794.6,451.6,900.1,978.8,35020.6,6440.7,889.6,3336.3,8364140.3,3267.2,29517.2,14220660.9,4901.8,838670.2,604.4,21776.3,889.6,6235.9,6440.7,900.1,1009.1
350,29/02/2008,922.3,625.3,98777.6,469.6,921.7,1005.3,36671.0,6608.3,922.3,3458.1,8466224.9,3387.0,30026.1,14715129.1,5080.1,870639.6,625.3,22595.1,922.3,7066.0,6608.3,921.7,1010.1
351,31/03/2008,968.4,623.6,97649.1,483.4,968.9,980.1,39065.6,6851.6,968.4,3630.4,8877338.6,3556.2,30466.1,15413403.9,5297.8,949655.9,623.6,22965.9,968.4,7724.5,6851.6,968.9,1047.6
352,30/04/2008,909.7,577.4,93376.2,459.1,923.2,922.1,36432.1,6367.0,909.7,3411.9,8371586.0,3341.1,28734.7,14660825.1,4930.6,897602.0,577.4,21396.6,909.7,7067.1,6367.0,923.2,977.8
353,30/05/2008,888.7,571.5,92723.3,452.4,887.8,928.5,37481.1,6197.4,888.7,3333.0,8241676.6,3264.0,28534.9,14372816.9,4760.9,921049.2,571.5,21085.1,888.7,6767.3,6197.4,887.8,936.3
354,30/06/2008,889.5,571.7,95091.6,452.4,903.8,922.6,38110.9,6135.8,889.5,3335.7,8258650.3,3267.1,29538.9,14698339.4,4756.1,916850.8,571.7,21028.8,889.5,7063.1,6135.8,903.8,935.3
355,31/07/2008,939.8,596.3,100389.2,472.7,951.9,965.7,40263.1,6424.8,939.8,3523.3,8606923.7,3451.8,31475.7,15793856.3,5000.9,956846.9,596.3,21948.4,939.8,7156.6,6424.8,951.9,976.6
356,29/08/2008,839.0,560.1,91701.5,444.1,883.9,907.9,36050.1,5748.9,839.0,3146.6,7674150.3,3081.8,28390.4,13939212.4,4476.0,876431.4,560.1,20306.2,839.0,6424.1,5748.9,883.9,950.2
357,30/09/2008,829.9,577.9,88483.0,461.1,877.9,920.3,37866.6,5674.6,829.9,3114.6,7756727.7,3048.4,28432.4,13782913.1,4514.8,943438.4,577.9,21017.5,829.9,6683.7,5674.6,877.9,1014.2
358,31/10/2008,806.6,606.5,80861.1,476.8,949.0,921.0,39183.3,5513.9,806.6,3031.8,8009836.1,2962.9,27770.7,13456386.0,4473.0,1064399.1,606.5,21336.7,806.6,7823.3,5513.9,949.0,1177.2
359,28/11/2008,760.9,597.3,73679.3,496.5,927.7,906.2,37325.9,5196.1,760.9,2854.8,8816348.2,2794.8,26701.8,12890352.0,4210.6,1067872.6,597.3,20793.8,760.9,7700.4,5196.1,927.7,1158.1
360,31/12/2008,816.1,607.5,74491.7,548.1,1009.5,937.2,39753.9,5597.0,816.1,3061.9,9189856.5,2997.6,28615.3,13903703.8,4507.4,1119923.3,607.5,22890.8,816.1,8147.3,5597.0,1009.5,1218.8
361,30/01/2009,858.7,649.2,77479.1,595.0,1052.6,968.8,41983.4,5869.9,858.7,3221.1,9553535.7,3154.1,29982.8,15007209.3,4750.3,1166584.1,649.2,27413.6,858.7,8530.2,5869.9,1052.6,1275.1
362,27/02/2009,943.2,737.5,87623.5,654.8,1175.4,1098.8,46533.0,6448.2,943.2,3537.6,11155446.3,3464.2,33334.0,16488761.2,5256.0,1359658.4,737.5,33777.2,943.2,9419.8,6448.2,1175.4,1452.2
363,31/03/2009,924.3,708.7,90427.6,652.2,1168.6,1068.1,47388.4,6318.8,924.3,3466.4,10930224.6,3394.9,33054.8,16229642.3,5212.3,1342876.4,708.7,31982.7,924.3,9198.4,6318.8,1168.6,1388.4
364,30/04/2009,890.2,675.0,87906.2,605.1,1090.6,1022.3,44625.9,6081.4,890.2,3338.5,9799733.4,3269.8,31536.5,15825494.1,5015.2,1190281.9,675.0,29845.3,890.2,7985.9,6081.4,1090.6,1246.4
365,29/05/2009,928.6,679.9,89641.7,602.0,1069.3,1027.3,45105.7,6337.6,928.6,3482.6,9622793.3,3410.6,32150.1,16510584.3,5221.9,1167643.9,679.9,29644.6,928.6,7788.0,6337.6,1069.3,1212.8
366,30/06/2009,945.7,674.9,91431.1,577.9,1064.8,1022.6,45177.4,6462.5,945.7,3546.5,9627329.0,3472.7,32273.1,16821087.1,5297.7,1193409.5,674.9,29387.4,945.7,7605.3,6462.5,1064.8,1178.8
367,31/07/2009,934.2,663.4,88228.2,570.8,1048.7,1008.3,45262.5,6382.5,934.2,3503.6,9432647.2,3431.3,31810.3,16635531.9,5208.7,1178748.7,663.4,29451.7,934.2,7429.5,6382.5,1048.7,1161.0
368,31/08/2009,949.4,665.7,90202.4,574.1,1031.9,1014.7,45883.5,6486.6,949.4,3560.4,9456104.8,3487.0,32298.0,16911971.2,5259.2,1176416.2,665.7,30061.2,949.4,7550.8,6486.6,1031.9,1137.1
369,30/09/2009,996.6,684.2,91091.0,610.4,1077.9,1036.4,48224.3,6805.0,996.6,3737.4,9814100.7,3660.5,33694.9,17769943.4,5495.3,1210715.8,684.2,30625.9,996.6,7488.5,6805.0,1077.9,1156.4
370,30/10/2009,1043.2,703.7,94210.7,644.1,1099.2,1065.5,48744.7,7121.7,1043.2,3912.1,9885817.2,3831.5,34858.1,18619423.4,5710.7,1225598.0,703.7,30700.4,1043.2,7804.2,7121.7,1099.2,1150.7
371,30/11/2009,1127.0,755.4,100423.0,679.1,1192.3,1140.9,52490.1,7694.8,1127.0,4226.6,10648178.3,4139.7,37509.2,20242736.1,6153.8,1310720.6,755.4,32622.0,1127.0,8456.1,7694.8,1192.3,1225.3
372,31/12/2009,1134.7,775.9,101683.3,697.7,1196.9,1166.8,52883.4,7747.5,1134.7,4256.0,10723189.1,4167.8,37677.7,20965099.9,6222.5,1322122.3,775.9,34148.0,1134.7,8491.7,7747.5,1196.9,1254.9
373,29/01/2010,1118.0,783.4,101911.8,691.8,1165.5,1155.9,51342.6,7632.4,1118.0,4192.6,10361100.6,4105.7,36931.1,20653021.9,6089.2,1272873.4,783.4,33378.3,1118.0,8335.6,7632.4,1165.5,1223.5
374,26/02/2010,1095.4,800.8,98769.6,701.6,1157.9,1174.8,50761.8,7480.8,1095.4,4107.9,10225656.4,4023.2,36309.4,20547337.6,6007.2,1266870.2,800.8,33021.0,1095.4,8408.9,7480.8,1157.9,1236.3
375,31/03/2010,1113.3,820.4,101031.4,739.6,1138.9,1187.5,50672.4,7600.0,1113.3,4175.2,10202868.2,4089.2,36207.1,21249108.3,6109.6,1266120.7,820.4,32916.7,1113.3,8252.6,7600.0,1138.9,1220.3
376,30/04/2010,1148.7,856.3,107361.5,748.8,1153.8,1227.5,51111.1,7840.8,1148.7,4307.9,10368826.2,4219.1,37081.6,21831038.2,6351.8,1280595.3,856.3,33517.9,1148.7,8450.5,7840.8,1153.8,1239.2
377,31/05/2010,1205.4,963.4,110720.0,824.4,1256.8,1365.2,55372.2,8230.7,1205.4,4520.6,11057934.8,4427.5,39039.9,22901519.9,6777.9,1407594.0,963.4,36853.4,1205.4,9244.1,8230.7,1256.8,1390.6
378,30/06/2010,1232.9,1009.2,111943.7,835.3,1280.8,1387.6,57418.5,8406.8,1232.9,4623.8,11265492.5,4528.4,40031.7,23414787.2,7000.4,1496796.6,1009.2,38543.5,1232.9,9426.1,8406.8,1280.8,1446.0
379,30/07/2010,1193.0,932.8,104379.0,780.0,1245.2,1256.6,55867.6,8084.3,1193.0,4473.8,10786543.0,4381.7,38559.6,22771514.9,6797.8,1437668.6,932.8,36521.6,1193.0,8994.6,8084.3,1245.2,1362.4
380,31/08/2010,1215.8,942.3,103810.9,776.6,1265.6,1263.8,56639.7,8252.0,1215.8,4559.6,10907484.4,4465.6,38622.0,23418798.4,6921.6,1434236.0,942.3,36936.2,1215.8,8867.9,8252.0,1265.6,1351.5
381,30/09/2010,1271.0,970.9,107253.8,815.9,1312.9,1271.7,58462.6,8569.5,1271.0,4766.4,11414620.6,4668.2,39170.3,24768711.0,7248.7,1477650.8,970.9,39136.4,1271.0,9047.1,8569.5,1312.9,1353.9
382,29/10/2010,1342.0,965.5,109704.5,846.0,1365.9,1299.8,59610.4,8948.8,1342.0,5032.8,11981822.0,4929.1,40208.7,26157983.3,7685.4,1506024.6,965.5,40675.0,1342.0,9270.8,8948.8,1365.9,1367.1
383,30/11/2010,1369.9,1004.5,113103.5,858.4,1387.1,1348.5,61638.0,9113.9,1369.9,5137.2,12248407.2,5031.4,40923.4,26704782.4,7886.2,1545124.9,1004.5,42496.0,1369.9,9559.3,9113.9,1387.1,1385.8
384,31/12/2010,1390.6,1052.1,116070.0,891.0,1402.7,1350.7,62781.7,9250.3,1390.6,5215.0,12544967.3,5107.4,41853.4,27111749.1,8058.5,1593128.1,1052.1,42948.4,1390.6,9513.9,9250.3,1402.7,1403.7
385,31/01/2011,1356.4,1015.2,112173.4,858.9,1348.2,1299.7,61660.9,8951.2,1356.4,5086.7,12257457.2,4982.0,41485.8,26446267.7,7887.6,1517939.4,1015.2,40857.3,1356.4,9410.9,8951.2,1348.2,1363.6
386,28/02/2011,1372.7,1005.5,113389.1,851.0,1355.1,1304.9,62371.6,9040.3,1372.7,5148.2,12239971.5,5042.0,42157.0,27917812.5,8073.9,1536328.1,1005.5,40154.7,1372.7,9858.9,9040.3,1355.1,1361.2
387,31/03/2011,1424.0,1015.8,116298.2,881.2,1390.9,1308.0,64040.4,9350.2,1424.0,5340.4,12474154.5,5230.3,43238.1,29715154.4,8442.4,1596019.0,1015.8,40459.6,1424.0,9824.5,9350.2,1390.9,1408.7
388,29/04/2011,1473.8,1021.6,122928.5,901.6,1413.6,1326.7,65436.9,9627.6,1473.8,5527.0,12754388.2,5413.1,44344.0,30738814.8,8781.1,1600455.0,1021.6,41408.0,1473.8,9923.0,9627.6,1413.6,1396.2
389,31/05/2011,1510.4,1055.9,122548.9,926.0,1464.0,1320.6,67905.2,9812.3,1510.4,5664.5,12929234.3,5547.8,45672.3,31183536.6,8982.2,1638291.4,1055.9,42224.3,1510.4,10384.6,9812.3,1464.0,1417.1
390,30/06/2011,1528.7,1061.8,122964.1,942.8,1493.5,1284.2,68549.9,9898.0,1528.7,5732.7,13093958.9,5614.7,46659.2,31490268.1,9095.9,1652239.1,1061.8,42764.8,1528.7,10378.7,9898.0,1493.5,1440.5
391,29/07/2011,1572.8,1101.8,124721.8,974.1,1503.5,1293.7,69851.1,10156.9,1572.8,5898.3,13415737.6,5776.8,47340.3,32378018.0,9371.3,1664602.1,1101.8,43895.4,1572.8,10682.2,10156.9,1503.5,1459.8
392,31/08/2011,1755.8,1226.5,135129.2,1074.0,1725.6,1370.1,79635.9,11245.3,1755.8,6584.6,14973092.1,6449.0,52455.8,36444244.1,10468.2,1886896.7,1226.5,50635.1,1755.8,12448.6,11245.3,1725.6,1673.3
393,30/09/2011,1771.9,1287.2,136099.1,1122.3,1774.0,1543.9,84349.6,11321.4,1771.9,6645.3,15448288.2,6508.0,53873.9,36902805.6,10566.4,1982075.2,1287.2,54386.4,1771.9,13366.3,11321.4,1774.0,1730.8
394,31/10/2011,1665.2,1213.7,127618.6,1056.6,1699.8,1492.3,82053.6,10612.1,1665.2,6245.2,14762359.4,6116.3,51413.7,34818184.8,9939.0,1916901.2,1213.7,51992.8,1665.2,13249.9,10612.1,1699.8,1641.1
395,30/11/2011,1739.0,1282.8,134783.8,1100.3,1782.3,1579.3,88268.3,11053.6,1739.0,6521.8,15650083.4,6387.2,53828.1,36532011.4,10405.7,1971918.2,1282.8,53631.4,1739.0,14170.8,11053.6,1782.3,1721.7
396,30/12/2011,1652.3,1253.3,128595.4,1060.0,1691.9,1540.0,86615.9,10498.7,1652.3,6196.7,14957592.5,6069.0,51420.6,34716730.6,9944.2,1894733.8,1253.3,52123.0,1652.3,13544.4,10498.7,1691.9,1633.3
397,31/01/2012,1656.1,1284.8,127450.9,1067.7,1678.5,1554.9,84587.2,10465.7,1656.1,6210.9,14995683.4,6083.0,52263.7,34733086.8,9998.3,1892571.3,1284.8,51822.6,1656.1,13273.7,10465.7,1678.5,1591.1
398,29/02/2012,1742.6,1316.7,136849.9,1102.8,1736.8,1589.4,85728.0,10978.4,1742.6,6535.4,15680733.8,6400.6,53517.5,36391881.2,10516.0,1956851.1,1316.7,51871.7,1742.6,13313.9,10978.4,1736.8,1623.3
399,30/03/2012,1673.8,1267.4,137951.4,1057.9,1663.5,1528.3,84334.4,10567.3,1673.8,6277.3,15303249.3,6147.7,51410.6,34889934.8,10100.8,1885579.4,1267.4,49145.1,1673.8,12735.1,10567.3,1663.5,1590.3
400,30/04/2012,1650.1,1253.1,134021.5,1030.4,1637.3,1506.4,85476.4,10405.6,1650.1,6188.2,15125049.7,6060.7,50949.4,34384555.3,9969.9,1873983.7,1253.1,48609.1,1650.1,12919.4,10405.6,1637.3,1593.7
401,31/05/2012,1585.5,1240.1,126321.1,996.9,1602.6,1489.7,86363.4,10030.1,1585.5,5946.1,14676977.2,5823.6,49670.0,33067124.1,9577.6,1835437.7,1240.1,49084.2,1585.5,12954.2,10030.1,1602.6,1590.7
402,29/06/2012,1596.7,1273.2,126781.6,1025.4,1639.8,1529.0,89590.7,10160.4,1596.7,5988.2,15024694.7,5864.7,50546.2,33438401.3,9656.6,1856480.6,1273.2,52332.9,1596.7,13377.7,10160.4,1639.8,1595.2
403,31/07/2012,1593.9,1297.3,125880.4,1022.5,1616.7,1558.0,88374.5,10154.9,1593.9,5977.5,15037225.5,5854.4,50420.8,33266822.7,9664.6,1820715.9,1297.3,51792.0,1593.9,13148.5,10154.9,1616.7,1548.1
404,31/08/2012,1626.0,1311.2,127942.0,1034.4,1613.7,1574.8,90330.0,10341.1,1626.0,6098.0,15433500.3,5972.4,51117.1,33920714.6,9890.7,1840410.5,1311.2,51959.4,1626.0,13436.0,10341.1,1613.7,1552.2
405,28/09/2012,1744.5,1355.4,136313.5,1082.3,1707.5,1638.8,95072.2,11026.7,1744.5,6542.0,16666137.0,6407.4,54049.9,36392873.9,10630.6,1960038.9,1355.4,54748.1,1744.5,14413.3,11026.7,1707.5,1678.1
406,31/10/2012,1747.0,1346.5,137980.2,1086.5,1723.0,1628.9,92757.8,10944.6,1747.0,6551.5,16759353.1,6416.8,53606.6,36443021.6,10657.6,1932525.7,1346.5,54367.1,1747.0,15112.3,10944.6,1723.0,1696.9
407,30/11/2012,1721.1,1341.5,139473.2,1078.4,1716.5,1616.6,94419.6,10728.8,1721.1,6454.7,16553352.4,6321.7,52852.9,35888867.5,10506.2,1871148.9,1341.5,53999.0,1721.1,15159.5,10728.8,1716.5,1654.6
408,31/12/2012,1688.5,1288.6,140861.6,1046.2,1670.1,1557.8,92222.1,10526.6,1688.5,6332.4,16264067.7,6202.0,51736.8,35199084.6,10391.0,1817939.6,1288.6,51900.1,1688.5,14567.7,10526.6,1670.1,1610.7
409,31/01/2013,1671.0,1256.4,148809.4,1047.2,1658.2,1543.8,90658.5,10396.0,1671.0,6266.5,16141038.9,6137.5,50205.9,34827181.8,10982.7,1782100.5,1256.4,50503.8,1671.0,14716.2,10396.0,1658.2,1591.5
410,28/02/2013,1627.6,1219.1,151503.9,1051.5,1643.5,1499.0,87618.3,10144.7,1627.6,6103.9,15757259.4,5978.2,48534.9,33948329.4,10944.2,1768489.0,1219.1,49168.4,1627.6,14451.8,10144.7,1643.5,1578.7
411,29/03/2013,1592.9,1229.2,150967.2,1056.5,1632.0,1507.4,86693.1,9901.2,1592.9,5973.6,15463845.0,5850.6,47023.1,33362991.3,10793.2,1756128.9,1229.2,49084.0,1592.9,14642.6,9901.2,1632.0,1540.1
412,30/04/2013,1485.1,1139.6,145425.8,969.7,1512.9,1390.4,80775.6,9186.8,1485.1,5569.4,14438507.7,5454.6,43189.3,31049874.4,10220.5,1665768.9,1139.6,46515.4,1485.1,13507.0,9186.8,1512.9,1430.4
413,31/05/2013,1413.5,1089.0,142696.2,924.7,1442.3,1351.4,77722.1,8680.2,1413.5,5300.9,13789433.5,5191.8,42062.9,29637118.6,9847.5,1571640.3,1089.0,44316.3,1413.5,13233.3,8680.2,1442.3,1427.8
414,28/06/2013,1342.4,1018.0,130637.7,867.1,1384.8,1254.2,78302.7,8234.3,1342.4,5034.2,13247989.9,4930.4,41357.9,28232841.1,9393.6,1523374.1,1018.0,43425.6,1342.4,13429.4,8234.3,1384.8,1422.2
415,31/07/2013,1286.7,983.6,128239.8,848.0,1339.0,1216.4,76948.9,7893.0,1286.7,4825.6,12963065.4,4726.2,40054.5,27304144.4,9017.6,1448653.5,983.6,42157.5,1286.7,12756.6,7893.0,1339.0,1405.1
416,30/08/2013,1347.1,1011.9,131668.3,868.7,1401.7,1247.5,84743.9,8246.6,1347.1,5052.1,14178540.5,4947.9,42569.2,28450253.8,9413.7,1503917.7,1011.9,44488.6,1347.1,13555.4,8246.6,1401.7,1491.0
417,30/09/2013,1348.8,1010.6,133839.9,850.5,1396.6,1246.5,86135.0,8255.1,1348.8,5058.6,15264893.1,4954.1,42767.9,28498611.7,9312.2,1463306.6,1010.6,43947.5,1348.8,13460.9,8255.1,1396.6,1452.9
418,31/10/2013,1316.2,964.6,128684.6,817.8,1363.9,1188.0,81132.9,8033.8,1316.2,4936.1,14930686.6,4834.4,41071.4,27784010.5,9068.5,1403608.0,964.6,42186.5,1316.2,13036.3,8033.8,1363.9,1383.2
419,29/11/2013,1275.8,945.9,127758.3,792.4,1338.1,1165.0,79891.0,7773.9,1275.8,4784.8,14807842.4,4686.1,40371.8,26923088.7,8787.6,1355882.7,945.9,41780.7,1275.8,13028.6,7773.9,1338.1,1369.3
420,31/12/2013,1225.4,894.1,126529.7,748.7,1304.0,1094.6,75805.8,7445.3,1225.4,4595.9,14780145.6,4500.9,39591.3,25872541.5,8451.6,1293628.0,894.1,40301.1,1225.4,12705.0,7445.3,1304.0,1363.1
421,31/01/2014,1244.8,914.2,129175.5,755.8,1362.5,1125.4,77315.8,7532.7,1244.8,4668.5,15133143.8,4572.1,40999.8,26247644.6,8664.6,1327238.2,914.2,42116.0,1244.8,13551.4,7532.7,1362.5,1405.6
422,28/02/2014,1301.0,951.9,132798.8,785.2,1437.5,1162.5,80958.3,7911.9,1301.0,4879.1,15499712.6,4778.5,42455.2,27446447.2,9056.3,1393132.1,951.9,45973.5,1301.0,14247.0,7911.9,1437.5,1449.6
423,31/03/2014,1336.1,966.1,136737.9,803.8,1483.8,1176.4,81442.0,8247.2,1336.1,5010.8,15253877.2,4907.4,43267.5,28190227.9,9301.0,1430480.4,966.1,48264.9,1336.1,14357.4,8247.2,1483.8,1470.6
424,30/04/2014,1299.0,940.6,133115.4,775.8,1427.6,1146.8,78376.9,8086.1,1299.0,4871.7,14848664.1,4771.3,41993.7,27403618.4,9072.2,1355088.6,940.6,46346.7,1299.0,13690.8,8086.1,1427.6,1394.8
425,30/05/2014,1287.5,937.6,130998.2,764.4,1402.6,1144.2,76425.3,8031.9,1287.5,4828.9,14849144.1,4729.1,41882.0,27200061.0,9128.9,1319460.7,937.6,44845.3,1287.5,13405.1,8031.9,1402.6,1383.5
426,30/06/2014,1279.1,940.9,130539.2,756.5,1385.4,1145.7,76433.5,7970.3,1279.1,4797.4,15213636.6,4698.1,41583.9,27189443.6,9145.7,1303388.9,940.9,43954.5,1279.1,13666.2,7970.3,1385.4,1366.0
427,31/07/2014,1311.0,968.6,133409.5,768.1,1407.3,1176.9,78752.5,8127.2,1311.0,4916.6,15287042.4,4815.2,42096.1,27843120.4,9373.5,1337922.3,968.6,45537.8,1311.0,13974.5,8127.2,1407.3,1396.5
428,29/08/2014,1296.0,972.7,133336.1,775.6,1415.4,1178.6,78909.9,7976.3,1296.0,4860.5,15161646.1,4760.2,41500.7,27483209.7,9266.4,1328028.1,972.7,46883.4,1296.0,13811.4,7976.3,1415.4,1391.9
429,30/09/2014,1238.8,960.2,132851.3,759.8,1362.6,1159.7,75404.8,7605.3,1238.8,4646.4,14736588.3,4550.1,39883.0,26272035.2,8857.6,1280960.3,960.2,47106.8,1238.8,13597.1,7605.3,1362.6,1368.1
430,31/10/2014,1222.5,964.5,132051.6,760.8,1371.2,1165.0,75051.9,7488.6,1222.5,4586.2,14842871.8,4490.2,39687.5,25986368.8,8740.9,1297631.3,964.5,50085.9,1222.5,13519.3,7488.6,1371.2,1392.8
431,28/11/2014,1176.3,942.6,136850.8,745.5,1331.9,1133.6,72587.2,7206.5,1176.3,4413.6,14311907.4,4320.6,38587.3,25102270.3,8410.6,1290748.2,942.6,54414.6,1176.3,13040.0,7206.5,1331.9,1361.0
432,31/12/2014,1202.3,973.9,143427.8,768.4,1385.4,1171.0,75304.6,7438.6,1202.3,4512.6,14942202.9,4416.1,39573.1,25699046.6,8596.4,1327239.4,973.9,68556.5,1202.3,13810.2,7438.6,1385.4,1454.6
433,30/01/2015,1251.9,1079.0,148031.3,826.8,1515.6,1177.5,77801.2,7785.1,1251.9,4701.7,15747957.5,4598.1,40985.5,26742886.3,9117.3,1362280.2,1079.0,80712.5,1251.9,14464.2,7785.1,1515.6,1550.8
434,27/02/2015,1227.2,1080.6,145710.2,800.5,1534.5,1147.6,76152.6,7672.8,1227.2,4604.2,15657971.7,4507.5,39969.3,26177993.1,9363.2,1348480.1,1080.6,79052.8,1227.2,14214.4,7672.8,1534.5,1575.1
435,31/03/2015,1178.6,1089.3,141900.5,788.0,1487.0,1154.4,73637.5,7354.1,1178.6,4420.5,15399075.6,4329.1,38455.4,25273922.9,8993.0,1311651.0,1089.3,70946.5,1178.6,14242.7,7354.1,1487.0,1525.7
436,30/04/2015,1197.9,1109.1,143229.2,800.6,1477.0,1150.3,75179.9,7430.6,1197.9,4492.8,15504232.8,4400.0,38991.6,25867807.6,9140.1,1300474.7,1109.1,63058.1,1197.9,14386.8,7430.6,1477.0,1546.8
437,29/05/2015,1199.1,1073.7,144870.0,775.1,1460.4,1116.6,76494.1,7438.6,1199.1,4496.6,15752148.6,4404.2,40175.7,26079355.4,9148.8,1309262.4,1073.7,60635.6,1199.1,14346.8,7438.6,1460.4,1519.2
438,30/06/2015,1181.5,1053.4,146250.6,759.0,1461.3,1101.8,75441.4,7332.2,1181.5,4430.8,15721772.4,4339.7,39849.5,25770489.6,9014.9,1314282.7,1053.4,64581.4,1181.5,14537.3,7332.2,1461.3,1532.2
439,31/07/2015,1130.0,1026.9,139326.8,726.3,1451.4,1077.8,71923.8,7016.0,1130.0,4238.0,15112957.0,4150.6,38786.6,24650952.2,8827.9,1294692.3,1026.9,64946.2,1130.0,14069.7,7016.0,1451.4,1524.6
440,31/08/2015,1117.5,1003.9,137561.9,717.1,1468.6,1082.5,72670.6,7083.0,1117.5,4191.3,15397833.7,4104.5,39578.1,24758481.5,8749.9,1318351.8,1003.9,73372.1,1117.5,14396.2,7083.0,1468.6,1530.7
441,30/09/2015,1124.5,1002.4,135115.2,733.7,1492.1,1094.1,74480.3,7161.8,1124.5,4217.5,16205313.7,4130.2,40519.3,25282983.8,8805.1,1333594.0,1002.4,75009.0,1124.5,15369.1,7161.8,1492.1,1594.8
442,30/10/2015,1159.3,1032.1,139142.3,755.7,1514.3,1122.7,75445.7,7361.3,1159.3,4347.5,15965319.7,4257.8,41384.6,25908311.6,9193.6,1327612.4,1032.1,73160.8,1159.3,15626.5,7361.3,1514.3,1608.0
443,30/11/2015,1085.7,1012.5,133164.8,714.7,1441.7,1096.4,71858.4,6917.1,1085.7,4072.7,14847562.5,3987.7,38867.7,24348157.4,8574.9,1252021.1,1012.5,70601.0,1085.7,15364.6,6917.1,1441.7,1519.7
444,31/12/2015,1068.3,982.0,130208.7,712.5,1462.0,1063.8,71185.8,6888.2,1068.3,4008.0,14813554.4,3923.6,38459.9,24041487.3,8364.5,1254041.5,982.0,74552.9,1068.3,15986.4,6888.2,1462.0,1474.9
445,29/01/2016,1097.4,1011.6,129722.9,763.3,1561.1,1107.0,73942.7,7213.9,1097.4,4117.7,15243907.9,4030.6,39673.8,24587098.2,8592.5,1320982.0,1011.6,84714.4,1097.4,17942.0,7213.9,1561.1,1568.4
446,29/02/2016,1199.9,1081.9,137467.8,839.7,1656.4,1190.6,81885.8,7856.1,1199.9,4500.3,16207272.2,4407.3,42726.2,26789749.9,9395.4,1460827.0,1081.9,92648.5,1199.9,18917.3,7856.1,1656.4,1683.0
447,31/03/2016,1246.3,1120.5,140689.6,874.7,1648.9,1224.0,83482.8,8110.3,1246.3,4674.2,16434523.9,4577.8,43901.9,27792168.4,10509.9,1478528.2,1120.5,87497.5,1246.3,19171.4,8110.3,1648.9,1662.4
448,29/04/2016,1242.3,1095.4,136111.6,868.0,1593.3,1197.2,82588.6,8047.6,1242.3,4658.7,16362788.4,4562.8,43575.9,27699148.5,11031.2,1424416.2,1095.4,82659.6,1242.3,18135.8,8047.6,1593.3,1621.6
449,31/05/2016,1259.4,1114.0,137173.7,867.6,1632.6,1232.3,84298.9,8222.7,1259.4,4723.4,16893620.2,4625.8,44626.5,28106009.4,11183.4,1477700.2,1114.0,83068.3,1259.4,19370.1,8222.7,1632.6,1724.5
450,30/06/2016,1276.4,1136.5,134360.6,900.1,1645.6,1236.8,85902.0,8415.9,1276.4,4787.0,17021990.8,4688.2,45049.9,28507707.8,11334.4,1492031.5,1136.5,83006.2,1276.4,19205.0,8415.9,1645.6,1724.1
451,29/07/2016,1337.3,1209.3,139231.4,1017.7,1744.0,1313.8,89877.3,8930.7,1337.3,5015.9,17544112.5,4912.0,46861.2,29826101.4,11875.4,1526940.6,1209.3,86139.0,1337.3,19263.9,8930.7,1744.0,1776.3
452,31/08/2016,1341.1,1196.4,135684.0,1023.7,1742.4,1301.4,89730.0,8915.2,1341.1,5029.5,17642273.2,4925.9,46564.5,29907924.1,11908.8,1489208.1,1196.4,87039.4,1341.1,18404.6,8915.2,1742.4,1756.8
453,30/09/2016,1326.0,1182.7,135052.2,1009.0,1736.8,1291.2,88533.3,8848.2,1326.0,4974.0,17383691.4,4870.6,46054.4,29578932.9,11775.1,1469783.8,1182.7,85411.1,1326.0,18619.5,8848.2,1736.8,1747.1
454,31/10/2016,1266.6,1149.6,131597.3,1027.5,1677.0,1251.1,84510.0,8522.2,1266.6,4750.9,16488162.9,4652.1,44413.0,28261576.5,11247.1,1426572.7,1149.6,79305.1,1266.6,17638.6,8522.2,1677.0,1663.6
455,30/11/2016,1236.0,1145.8,134025.8,994.3,1661.8,1231.8,83514.2,8453.2,1236.0,4635.7,16448377.1,4539.8,43668.2,27761234.0,19718.5,1437096.6,1145.8,79738.8,1236.0,17260.6,8453.2,1661.8,1642.4
456,30/12/2016,1151.4,1091.0,133445.3,920.4,1532.8,1173.4,78132.7,7964.7,1151.4,4319.0,15427672.5,4229.0,41174.3,26151795.9,21296.9,1358291.5,1091.0,71528.0,1151.4,15933.1,7964.7,1532.8,1562.4
457,31/01/2017,1192.6,1121.4,136947.6,965.9,1572.7,1201.5,81224.6,8220.5,1192.6,4473.0,15934077.8,4380.5,42275.5,26948229.9,22296.4,1405710.7,1121.4,71311.7,1192.6,16169.9,8220.5,1572.7,1596.4
458,28/02/2017,1234.4,1159.6,139441.2,988.3,1617.8,1236.0,82740.7,8484.7,1234.4,4629.3,16463344.6,4533.6,43216.7,28047662.7,20924.5,1411229.5,1159.6,72110.9,1234.4,16280.0,8484.7,1617.8,1610.7
459,31/03/2017,1231.1,1151.4,138965.8,996.9,1648.2,1232.8,81075.7,8490.4,1231.1,4616.9,16426150.3,4521.6,42938.9,28060966.3,21824.1,1395591.4,1151.4,71252.4,1231.1,15899.5,8490.4,1648.2,1615.4
460,28/04/2017,1265.6,1180.4,139555.3,1000.6,1702.1,1266.1,81675.7,8722.5,1265.6,4746.6,16839451.7,4648.6,43629.6,28741714.2,22906.4,1433982.0,1180.4,71586.6,1265.6,17033.1,8722.5,1702.1,1681.8
461,31/05/2017,1245.0,1125.8,139723.8,962.7,1693.1,1227.7,80241.9,8575.5,1245.0,4669.3,16585301.7,4572.9,42929.4,28275892.5,22509.0,1401543.3,1125.8,71069.6,1245.0,16500.4,8575.5,1693.1,1675.0
462,30/06/2017,1260.3,1121.6,139736.3,983.6,1675.9,1219.6,81223.0,8578.9,1260.3,4726.6,16769419.4,4628.9,42856.1,28625165.0,22818.5,1425215.8,1121.6,73114.1,1260.3,16244.3,8578.9,1675.9,1667.0
463,31/07/2017,1236.2,1073.1,139004.6,951.4,1569.9,1187.5,79679.7,8372.6,1236.2,4636.1,16498615.7,4540.6,41708.4,28103753.5,22137.9,1400565.7,1073.1,73853.0,1236.2,16262.8,8372.6,1569.9,1585.6
464,31/08/2017,1282.3,1086.2,140818.2,990.0,1617.4,1238.1,82041.5,8556.6,1282.3,4809.0,17110593.5,4710.0,42655.7,29147266.2,22764.0,1451962.7,1086.2,76263.7,1282.3,16975.7,8556.6,1617.4,1620.6
465,29/09/2017,1315.0,1103.8,145598.1,987.4,1615.3,1265.5,84755.7,8635.6,1315.0,4931.5,17495918.4,4829.9,43593.5,29887654.7,23210.5,1489706.7,1103.8,75804.6,1315.0,17311.3,8635.6,1615.3,1649.6
466,31/10/2017,1279.5,1088.4,144452.2,969.6,1612.5,1256.5,83256.2,8476.1,1279.5,4798.6,17308279.4,4699.6,42531.1,29073121.8,22576.8,1450701.0,1088.4,73861.7,1279.5,17540.3,8476.1,1612.5,1643.3
467,30/11/2017,1282.3,1092.1,144623.3,970.1,1637.4,1271.3,83181.1,8491.1,1282.3,4809.1,17346326.6,4709.7,42202.0,29127995.2,22654.3,1414057.6,1092.1,75639.3,1282.3,18038.0,8491.1,1637.4,1682.4
468,29/12/2017,1261.3,1067.2,142487.9,941.5,1613.1,1246.5,81106.3,8327.3,1261.3,4730.1,17099335.5,4632.4,41160.3,28647272.9,22471.3,1370803.5,1067.2,74066.7,1261.3,16648.8,8327.3,1613.1,1653.5
469,31/01/2018,1331.7,1090.9,147562.7,962.9,1654.4,1278.2,84741.3,8560.8,1331.7,4994.1,17816013.5,4891.1,42483.1,30242286.0,23571.5,1420270.6,1090.9,75425.5,1331.7,16246.6,8560.8,1654.4,1673.1
470,28/02/2018,1331.5,1078.9,143632.4,953.8,1676.1,1245.5,85757.5,8416.2,1331.5,4993.6,18110545.3,4890.7,41916.2,30251241.7,23527.9,1438444.7,1078.9,75680.1,1331.5,15745.8,8416.2,1676.1,1692.1
471,30/03/2018,1324.7,1074.2,140479.8,948.3,1713.9,1255.7,86188.7,8374.1,1324.7,4967.9,18227154.4,4865.5,41426.1,30171633.9,23354.0,1420211.7,1074.2,75762.6,1324.7,15704.0,8374.1,1713.9,1707.5
472,30/04/2018,1334.7,1087.9,143804.7,947.8,1698.3,1293.5,87713.1,8409.0,1334.7,5005.6,18434117.1,4902.6,41792.0,30410090.8,23607.2,1426348.8,1087.9,81615.5,1334.7,16175.1,8409.0,1698.3,1736.6
473,31/05/2018,1303.0,1103.4,142979.7,968.2,1677.2,1299.4,88017.0,8303.6,1303.0,4886.7,18295000.1,4786.2,41649.3,29684275.3,23226.4,1403524.9,1103.4,81306.5,1303.0,16375.6,8303.6,1677.2,1732.2
474,29/06/2018,1281.6,1097.4,141048.6,964.4,1682.1,1268.7,86888.1,8281.9,1281.6,4806.2,17949788.6,4707.4,41617.5,29285598.6,22909.9,1401489.8,1097.4,80500.0,1281.6,17068.5,8281.9,1682.1,1709.8
475,31/07/2018,1238.5,1059.9,138042.3,940.5,1626.5,1231.9,85122.9,8316.9,1238.5,4644.9,17844905.5,4549.3,41220.7,28610042.2,22162.6,1390875.6,1059.9,77750.2,1238.5,16580.0,8316.9,1626.5,1673.3
476,31/08/2018,1201.3,1040.5,133344.5,932.7,1566.4,1187.2,83631.9,8229.0,1201.3,4505.2,17491184.3,4412.4,39705.1,27982692.4,21489.5,1347358.1,1040.5,79743.4,1201.3,16915.9,8229.0,1566.4,1639.3
477,28/09/2018,1198.5,1027.2,134264.6,917.6,1562.8,1159.9,86545.2,8214.0,1198.5,4495.0,17819382.1,4402.1,39074.3,27935597.9,21473.6,1341595.6,1027.2,81076.8,1198.5,17691.2,8214.0,1562.8,1663.3
478,31/10/2018,1215.4,1058.4,137025.2,934.2,1580.9,1208.1,89455.2,8415.9,1215.4,4559.1,18444767.2,4464.3,39852.2,28373419.7,21774.0,1376084.9,1058.4,80022.4,1215.4,17626.0,8415.9,1580.9,1709.7
479,30/11/2018,1221.0,1074.3,138362.4,946.5,1612.1,1222.3,87727.1,8472.4,1221.0,4580.5,17895537.0,4484.7,40250.9,28481947.6,21869.6,1376623.8,1074.3,81198.3,1221.0,17199.5,8472.4,1612.1,1684.8
480,31/12/2018,1247.9,1097.4,140438.3,986.1,1673.2,1239.0,88444.9,8592.7,1247.9,4681.8,18089939.8,4583.8,40842.9,29067030.8,22354.6,1400613.9,1097.4,83906.7,1247.9,17720.0,8592.7,1673.2,1736.3
481,31/01/2019,1291.8,1131.3,140695.7,1001.4,1717.9,1278.3,91443.7,8765.9,1291.8,4845.2,18284768.3,4744.7,41092.1,29967493.6,23078.1,1448948.6,1131.3,86145.7,1291.8,17853.7,8765.9,1717.9,1806.2
482,28/02/2019,1320.1,1163.5,145794.9,1014.2,1743.7,1321.9,94026.4,8892.8,1320.1,4950.7,18519915.5,4848.7,41327.5,30632427.5,23206.5,1482375.6,1163.5,86926.2,1320.1,18270.3,8892.8,1743.7,1848.9
483,29/03/2019,1300.9,1151.6,144596.1,988.1,1739.1,1301.4,90427.5,8731.3,1300.9,4878.8,18478725.3,4778.4,41265.6,30182284.7,22606.9,1472014.6,1151.6,84824.6,1300.9,18718.4,8731.3,1739.1,1837.0
484,30/04/2019,1286.4,1145.1,143560.6,986.8,1721.2,1295.9,89297.2,8641.8,1286.4,4824.5,18198168.6,4725.3,40960.9,29867706.6,22218.8,1470578.5,1145.1,83184.3,1286.4,18197.8,8641.8,1721.2,1809.5
485,31/05/2019,1284.0,1147.8,141173.1,1000.0,1727.9,1297.9,89662.2,8803.6,1284.0,4815.1,18463030.0,4716.0,40823.5,29988017.8,21846.5,1520438.2,1147.8,83371.6,1284.0,18516.7,8803.6,1727.9,1849.3
486,28/06/2019,1359.0,1203.1,146878.1,1071.9,1805.8,1342.5,94352.5,9379.7,1359.0,5096.9,19341213.0,4992.0,42298.9,31720185.7,22742.7,1594903.5,1203.1,87074.0,1359.0,19805.6,9379.7,1805.8,1956.5
487,31/07/2019,1413.0,1260.0,152970.5,1133.5,1851.7,1396.0,97169.6,9717.9,1413.0,5299.4,19825586.6,5190.1,43515.1,32812500.1,23470.4,1663251.4,1260.0,89352.3,1413.0,19836.5,9717.9,1851.7,2024.4
488,30/08/2019,1498.8,1347.2,159234.6,1233.2,1989.5,1468.0,106574.5,10582.0,1498.8,5621.7,21331347.7,5505.2,46104.0,34788004.2,24837.0,1814294.1,1347.2,98697.1,1498.8,22739.4,10582.0,1989.5,2212.6
489,30/09/2019,1511.3,1372.9,162427.9,1223.4,2001.8,1497.0,107869.2,10758.2,1511.3,5668.9,21310464.7,5551.3,46196.4,35068629.8,24773.9,1807990.8,1372.9,98097.6,1511.3,22424.8,10758.2,2001.8,2219.2
490,31/10/2019,1494.8,1352.3,161668.5,1182.6,1972.1,1484.9,106207.2,10605.4,1494.8,5606.6,21097075.2,5490.5,45380.4,34684631.9,24261.5,1769572.8,1352.3,96152.0,1494.8,22288.8,10605.4,1972.1,2200.0
491,29/11/2019,1470.0,1330.3,160084.7,1141.0,1945.6,1459.7,105070.6,10318.0,1470.0,5512.8,20669156.6,5399.5,44453.4,34103105.2,23705.3,1717541.8,1330.3,93888.7,1470.0,21740.9,10318.0,1945.6,2153.5
492,31/12/2019,1476.0,1328.7,161048.2,1125.9,1946.6,1452.2,105029.0,10364.6,1476.0,5536.0,20687297.1,5421.7,44615.4,34205024.0,23755.5,1737933.9,1328.7,93043.5,1476.0,21342.3,10364.6,1946.6,2147.5
493,31/01/2020,1560.7,1406.5,170558.3,1194.0,2042.8,1513.3,111260.0,10799.9,1560.7,5855.0,21403114.2,5732.6,47537.7,36169078.4,24785.5,1821202.7,1406.5,96753.0,1560.7,22520.1,10799.9,2042.8,2278.0
494,28/02/2020,1597.1,1464.5,175736.8,1232.7,2121.3,1559.4,114199.6,11177.7,1597.1,5991.0,21991327.3,5866.4,50033.7,37120963.9,25028.8,1909251.4,1464.5,102516.6,1597.1,24012.2,11177.7,2121.3,2396.4
495,31/03/2020,1591.9,1441.3,171397.1,1288.1,2221.5,1527.1,118572.3,11173.8,1591.9,5976.7,24239252.3,5847.4,51104.7,37182021.8,25021.3,1941277.9,1441.3,118609.6,1591.9,26546.4,11173.8,2221.5,2562.5
496,30/04/2020,1682.9,1548.6,181280.6,1356.0,2365.2,1633.1,128214.6,11910.1,1682.9,6323.4,26465757.6,6181.6,54907.6,39514303.6,26515.1,2061371.9,1548.6,126406.3,1682.9,31282.0,11910.1,2365.2,2667.7
497,29/05/2020,1716.4,1573.4,184121.6,1395.7,2398.9,1663.5,129859.2,12192.8,1716.4,6447.6,25487821.2,6304.5,55042.5,40069722.0,27109.9,2109833.0,1573.4,124996.5,1716.4,31201.0,12192.8,2398.9,2634.7
498,30/06/2020,1732.2,1538.5,186369.4,1383.3,2347.5,1648.2,131213.9,12272.9,1732.2,6500.0,24490249.5,6362.7,53985.4,40229498.1,27987.6,2092200.7,1538.5,120150.5,1732.2,29685.9,12272.9,2347.5,2510.8
499,31/07/2020,1843.3,1605.7,196701.8,1452.1,2488.4,1719.8,138180.5,12923.7,1843.3,6913.8,26796463.5,6770.7,57960.0,42738745.0,29491.8,2209729.7,1605.7,131901.9,1843.3,30875.1,12923.7,2488.4,2619.1
500,31/08/2020,1968.6,1665.0,208740.9,1500.2,2606.9,1792.7,147021.3,13648.1,1968.6,7382.9,28928143.0,7230.8,61444.9,45621840.4,31374.1,2334991.0,1665.0,145315.7,1968.6,33983.9,13648.1,2606.9,2737.0
501,30/09/2020,1922.2,1630.9,203001.9,1483.7,2542.6,1758.7,141299.3,13092.8,1922.2,7209.8,28460024.6,7060.6,60318.4,44556362.5,30319.6,2263182.6,1630.9,146257.6,1922.2,32167.4,13092.8,2542.6,2659.8
502,30/10/2020,1900.3,1614.4,199924.4,1463.4,2510.8,1733.4,139641.6,12794.7,1900.3,7127.6,27927175.6,6980.0,59387.7,44056075.7,29848.7,2175736.6,1614.4,147480.1,1900.3,31213.4,12794.7,2510.8,2666.6
503,30/11/2020,1863.5,1575.0,194610.0,1411.0,2435.0,1697.4,138426.3,12308.7,1863.5,6989.0,26469733.3,6844.9,56777.3,43178496.9,29179.4,2078376.9,1575.0,143251.8,1863.5,28974.6,12308.7,2435.0,2560.5
504,31/12/2020,1856.0,1526.3,192735.2,1384.2,2378.1,1649.6,136712.5,12143.3,1856.0,6962.6,26206149.8,6817.2,55815.9,42920236.7,29135.3,2030320.7,1526.3,137395.3,1856.0,27677.7,12143.3,2378.1,2469.2
505,29/01/2021,1867.0,1534.4,193806.9,1369.5,2376.3,1656.1,136480.8,12080.6,1867.0,7004.1,26178602.7,6857.7,56020.0,43073728.3,29318.0,2051688.2,1534.4,138844.0,1867.0,28236.4,12080.6,2376.3,2417.7
506,26/02/2021,1808.2,1494.9,190525.3,1304.0,2296.0,1622.7,131616.7,11669.5,1808.2,6782.2,25366283.3,6641.7,54233.6,41612067.2,28328.5,2010301.5,1494.9,134483.1,1808.2,26717.3,11669.5,2296.0,2332.7
507,31/03/2021,1718.2,1444.1,186797.5,1239.8,2160.6,1597.8,125087.7,11183.6,1718.2,6444.6,24721654.6,6311.3,52894.3,39622929.7,26996.6,1942846.3,1444.1,128075.5,1718.2,25743.5,11183.6,2160.6,2229.3
508,30/04/2021,1761.7,1470.4,191844.0,1272.6,2200.9,1621.3,131364.2,11481.0,1761.7,6606.9,25595716.6,6470.9,55242.1,40640076.7,27637.1,1968457.4,1470.4,133966.3,1761.7,25357.9,11481.0,2200.9,2284.9
509,31/05/2021,1853.2,1524.9,202154.8,1315.0,2245.3,1671.7,135644.5,11918.1,1853.2,6950.1,26492132.4,6807.2,57996.7,42725912.1,29043.5,2083650.7,1524.9,136946.4,1853.2,26004.9,11918.1,2245.3,2387.0
510,30/06/2021,1834.6,1522.2,201973.4,1307.9,2241.1,1664.9,134929.8,11782.8,1834.6,6880.2,26288043.6,6738.6,57668.4,42195504.7,28749.5,2057947.4,1522.2,133103.3,1834.6,25513.8,11782.8,2241.1,2399.6
