Date,TSLA,AMZN,SPY
2010-06-29,23.89,108.61,85.162
2010-06-30,23.83,109.26,84.353
2010-07-01,21.96,110.96,83.9771
2010-07-02,19.2,109.14,83.5194
2010-07-06,16.11,110.06,84.067
2010-07-07,15.8,113.43,86.7147
2010-07-08,17.46,116.22,87.5728
2010-07-09,17.4,117.26,88.2266
2010-07-12,17.05,119.51,88.2838
2010-07-13,18.14,123.65,89.6158
2010-07-14,19.84,123.3,89.6077
2010-07-15,19.89,122.06,89.6322
2010-07-16,20.64,118.49,87.1642
2010-07-19,21.91,119.94,87.679
2010-07-20,20.3,120.1,88.6515
2010-07-21,20.22,117.43,87.4993
2010-07-22,21.0,120.07,89.4524
2010-07-23,21.29,118.87,90.2288
2010-07-26,20.95,118.4,91.1686
2010-07-27,20.55,117.13,91.1604
2010-07-28,20.72,117.13,90.572
2010-07-29,20.35,116.86,90.1307
2010-07-30,19.94,117.89,90.1143
2010-08-02,20.92,120.07,92.1492
2010-08-03,21.95,122.42,91.7079
2010-08-04,21.26,127.58,92.3208
2010-08-05,20.45,127.83,92.2228
2010-08-06,19.59,128.32,91.8468
2010-08-09,19.6,128.83,92.3372
2010-08-10,19.03,130.0,91.8387
2010-08-11,17.9,125.89,89.3216
2010-08-12,17.6,126.56,88.7741
2010-08-13,18.32,124.69,88.5126
2010-08-16,18.78,126.07,88.4717
2010-08-17,19.15,128.86,89.5586
2010-08-18,18.77,129.65,89.7221
2010-08-19,18.79,127.57,88.1612
2010-08-20,19.1,127.76,87.8752
2010-08-23,20.13,126.6,87.5401
2010-08-24,19.2,124.53,86.2407
2010-08-25,19.9,126.85,86.5758
2010-08-26,19.75,124.86,85.9956
2010-08-27,19.7,126.64,87.3276
2010-08-30,19.87,123.79,86.061
2010-08-31,19.48,124.83,86.061
2010-09-01,20.45,132.49,88.6352
2010-09-02,21.06,135.21,89.4606
2010-09-03,21.05,138.79,90.621
2010-09-07,20.54,137.22,89.5995
2010-09-08,20.9,139.14,90.2288
2010-09-09,20.71,140.38,90.6455
2010-09-10,20.17,142.44,91.1032
2010-09-13,20.72,145.07,92.1165
2010-09-14,21.12,145.75,92.0593
2010-09-15,21.98,145.45,92.4107
2010-09-16,20.94,148.13,92.3862
2010-09-17,20.23,148.325,92.4206
2010-09-20,21.055,151.3048,93.8338
2010-09-21,20.77,150.73,93.6448
2010-09-22,19.87,151.83,93.1847
2010-09-23,19.56,152.85,92.4288
2010-09-24,20.1,160.73,94.3349
2010-09-27,20.53,159.37,93.8831
2010-09-28,21.4,159.7,94.2117
2010-09-29,21.98,158.99,94.0474
2010-09-30,20.405,157.06,93.768
2010-10-01,20.6,153.71,94.1624
2010-10-04,20.99,155.39,93.4558
2010-10-05,21.12,160.87,95.3373
2010-10-06,20.46,155.4,95.3291
2010-10-07,20.43,156.27,95.214
2010-10-08,20.43,155.55,95.7481
2010-10-11,20.24,153.03,95.8384
2010-10-12,20.24,156.48,96.1342
2010-10-13,20.54,155.17,96.8819
2010-10-14,20.75,155.53,96.5039
2010-10-15,20.54,164.64,96.7011
2010-10-18,20.23,163.56,97.1776
2010-10-19,20.05,158.67,95.9042
2010-10-20,20.65,158.67,96.8408
2010-10-21,20.75,164.97,97.0544
2010-10-22,20.72,169.13,97.2351
2010-10-25,20.85,169.0,97.5227
2010-10-26,21.36,169.95,97.5391
2010-10-27,21.0,167.51,97.2598
2010-10-28,21.19,166.84,97.2762
2010-10-29,21.84,165.23,97.3502
2010-11-01,21.41,162.58,97.383
2010-11-02,21.25,164.61,98.1553
2010-11-03,21.77,168.47,98.5497
2010-11-04,24.9,168.93,100.4476
2010-11-05,24.44,170.77,100.8255
2010-11-08,24.98,171.99,100.6365
2010-11-09,24.63,170.27,99.9135
2010-11-10,29.36,173.33,100.3161
2010-11-11,28.035,170.37,99.9382
2010-11-12,29.84,165.68,98.7551
2010-11-15,30.8,158.9,98.6154
2010-11-16,29.67,157.78,97.079
2010-11-17,29.49,158.35,97.1283
2010-11-18,29.89,164.17,98.5579
2010-11-19,30.99,164.82,98.829
2010-11-22,33.4,170.39,98.7469
2010-11-23,34.57,168.2,97.3173
2010-11-24,35.47,177.25,98.7551
2010-11-26,35.32,177.2,97.6049
2010-11-29,34.33,179.49,97.9006
2010-11-30,35.33,175.4,97.3502
2010-12-01,34.35,176.55,99.4206
2010-12-02,32.35,176.53,100.694
2010-12-03,31.49,175.68,100.9652
2010-12-06,30.31,178.05,100.8584
2010-12-07,31.56,176.77,100.9159
2010-12-08,32.37,176.29,101.2856
2010-12-09,32.05,174.85,101.6799
2010-12-10,31.52,175.62,102.2715
2010-12-13,30.55,174.25,102.3372
2010-12-14,28.53,173.94,102.4276
2010-12-15,29.6,175.57,101.9593
2010-12-16,30.81,178.04,102.5508
2010-12-17,31.36,177.58,102.6599
2010-12-20,31.7,183.29,102.9077
2010-12-21,32.26,184.75,103.5601
2010-12-22,32.63,184.76,103.8822
2010-12-23,30.09,182.59,103.7336
2010-12-27,25.549,182.14,103.7749
2010-12-28,26.41,181.09,103.9235
2010-12-29,27.73,183.37,103.9979
2010-12-30,26.5,182.75,103.8327
2010-12-31,26.63,180.0,103.8575
2011-01-03,26.62,184.22,104.9311
2011-01-04,26.67,185.01,104.8733
2011-01-05,26.83,187.42,105.4184
2011-01-06,27.88,185.86,105.212
2011-01-07,28.24,185.49,105.0055
2011-01-10,28.45,184.68,104.8733
2011-01-11,26.96,184.34,105.245
2011-01-12,26.96,184.08,106.1948
2011-01-13,26.22,185.53,106.0213
2011-01-14,25.75,188.75,106.7894
2011-01-18,25.64,191.25,106.9711
2011-01-19,24.03,186.87,105.9222
2011-01-20,22.62,181.96,105.7818
2011-01-21,23.04,177.42,106.0213
2011-01-24,24.49,176.85,106.6242
2011-01-25,24.68,176.7,106.6821
2011-01-26,24.75,175.39,107.095
2011-01-27,24.92,184.45,107.3593
2011-01-28,24.01,171.14,105.4845
2011-01-31,24.1,169.64,106.2774
2011-02-01,23.91,172.11,107.9787
2011-02-02,23.94,173.53,107.7723
2011-02-03,23.63,173.71,108.0118
2011-02-04,23.46,175.93,108.3174
2011-02-07,23.07,176.43,108.9946
2011-02-08,24.49,183.06,109.4901
2011-02-09,23.21,185.3,109.2424
2011-02-10,23.215,186.21,109.2837
2011-02-11,23.25,189.25,109.9361
2011-02-14,23.08,190.42,110.2004
2011-02-15,22.84,189.03,109.8535
2011-02-16,24.73,186.62,110.5473
2011-02-17,23.6,187.76,110.8777
2011-02-18,23.18,186.5,111.1089
2011-02-22,21.87,180.42,108.879
2011-02-23,21.83,176.68,108.21
2011-02-24,22.53,177.75,108.1357
2011-02-25,23.61,177.24,109.2919
2011-02-28,23.89,173.29,109.9692
2011-03-01,23.94,169.44,108.1357
2011-03-02,24.02,172.02,108.3669
2011-03-03,24.36,172.79,110.2335
2011-03-04,24.95,171.67,109.4075
2011-03-07,24.94,169.08,108.5486
2011-03-08,24.66,166.89,109.4984
2011-03-09,24.72,169.05,109.3415
2011-03-10,24.01,166.14,107.318
2011-03-11,24.07,168.07,108.0613
2011-03-14,23.25,166.73,107.4089
2011-03-15,22.95,165.08,106.1783
2011-03-16,22.82,164.7,104.2126
2011-03-17,22.81,160.97,105.5919
2011-03-18,22.96,161.82,105.9745
2011-03-21,22.73,164.525,107.6169
2011-03-22,22.19,162.6,107.2436
2011-03-23,22.21,165.32,107.5505
2011-03-24,22.33,171.1,108.5791
2011-03-25,22.75,170.98,108.9109
2011-03-28,23.25,169.35,108.6455
2011-03-29,23.92,174.62,109.3754
2011-03-30,23.71,179.42,110.1302
2011-03-31,27.75,180.13,109.9809
2011-04-01,26.66,180.13,110.4454
2011-04-04,25.83,182.94,110.5367
2011-04-05,26.7,185.29,110.5201
2011-04-06,26.49,182.76,110.8685
2011-04-07,27.24,184.91,110.5864
2011-04-08,26.49,184.71,110.2049
2011-04-11,25.27,184.04,109.8731
2011-04-12,24.65,180.48,109.0519
2011-04-13,24.93,182.29,109.0436
2011-04-14,25.14,181.82,109.1266
2011-04-15,25.58,180.01,109.5247
2011-04-18,25.03,178.34,108.2971
2011-04-19,25.16,178.82,108.9192
2011-04-20,25.75,183.87,110.404
2011-04-21,26.74,185.89,110.968
2011-04-25,26.39,185.42,110.8519
2011-04-26,26.93,182.3,111.8058
2011-04-27,27.08,196.63,112.5357
2011-04-28,27.66,195.07,112.9007
2011-04-29,27.6,195.81,113.1661
2011-05-02,27.45,201.19,112.9919
2011-05-03,26.87,198.45,112.5855
2011-05-04,26.69,199.97,111.839
2011-05-05,26.44,197.11,110.827
2011-05-06,27.12,197.6,111.3164
2011-05-09,27.91,200.8,111.7477
2011-05-10,28.33,203.94,112.7016
2011-05-11,27.07,204.38,111.5155
2011-05-12,27.67,206.07,112.0463
2011-05-13,27.55,202.56,111.1837
2011-05-16,26.6,192.51,110.4786
2011-05-17,25.96,194.81,110.462
2011-05-18,26.35,197.09,111.4491
2011-05-19,28.2,198.805,111.7145
2011-05-20,27.97,198.65,110.827
2011-05-23,26.82,196.22,109.5413
2011-05-24,26.72,193.27,109.4501
2011-05-25,28.98,192.26,109.815
2011-05-26,29.48,195.0,110.321
2011-05-27,29.55,194.13,110.744
2011-05-31,30.14,196.69,111.897
2011-06-01,28.517,192.395,109.3837
2011-06-02,28.76,193.65,109.2676
2011-06-03,30.13,188.32,108.1809
2011-06-06,28.7,185.69,107.0363
2011-06-07,28.37,187.55,106.9699
2011-06-08,27.12,188.05,106.522
2011-06-09,27.62,189.68,107.3349
2011-06-10,27.86,186.53,105.8418
2011-06-13,28.43,186.29,105.9248
2011-06-14,28.6,189.96,107.2685
2011-06-15,27.32,185.98,105.3607
2011-06-16,26.5,183.65,105.593
2011-06-17,26.5,186.37,105.9062
2011-06-20,26.01,187.72,106.448
2011-06-21,27.53,194.23,107.9068
2011-06-22,27.21,191.63,107.2566
2011-06-23,27.71,194.16,106.9482
2011-06-24,27.565,192.55,105.7061
2011-06-27,27.46,201.25,106.6481
2011-06-28,28.11,202.35,108.0402
2011-06-29,28.29,204.18,108.9654
2011-06-30,29.13,204.49,110.0074
2011-07-01,29.02,209.49,111.6329
2011-07-05,29.14,213.19,111.5412
2011-07-06,28.96,214.19,111.6746
2011-07-07,29.73,216.74,112.8332
2011-07-08,28.81,218.28,112.033
2011-07-11,28.35,212.55,110.0074
2011-07-12,28.17,211.23,109.5323
2011-07-13,28.64,213.5,109.899
2011-07-14,27.61,210.38,109.1405
2011-07-15,27.58,212.87,109.774
2011-07-18,27.23,211.53,108.8737
2011-07-19,27.89,218.06,110.6409
2011-07-20,28.69,215.55,110.5742
2011-07-21,28.7,213.21,112.108
2011-07-22,29.29,216.52,112.183
2011-07-25,28.49,213.49,111.5579
2011-07-26,28.0,214.18,111.1411
2011-07-27,27.64,222.518,108.8654
2011-07-28,28.17,223.9,108.5486
2011-07-29,28.17,222.52,107.8068
2011-08-01,28.77,221.32,107.3483
2011-08-02,27.34,211.7,104.6058
2011-08-03,27.2,209.96,105.1726
2011-08-04,24.75,201.48,100.2462
2011-08-05,24.24,202.7,100.0961
2011-08-08,23.64,193.7,93.5776
2011-08-09,25.06,205.09,97.9288
2011-08-10,23.82,194.13,93.6026
2011-08-11,25.3,198.36,97.8038
2011-08-12,26.31,202.3,98.4623
2011-08-15,26.23,202.95,100.5463
2011-08-16,26.1,197.68,99.6877
2011-08-17,25.83,195.93,99.7544
2011-08-18,24.26,182.52,95.4531
2011-08-19,22.3,178.93,93.8943
2011-08-22,21.95,177.54,93.9693
2011-08-23,22.96,193.55,97.0619
2011-08-24,23.87,193.73,98.429
2011-08-25,23.11,192.03,96.9286
2011-08-26,23.73,199.27,98.3373
2011-08-29,24.71,206.53,101.1631
2011-08-30,24.63,210.92,101.4299
2011-08-31,24.74,215.23,101.88
2011-09-01,24.0,212.54,100.813
2011-09-02,23.07,210.0,98.2373
2011-09-06,22.94,216.18,97.5204
2011-09-07,23.84,219.9,100.2712
2011-09-08,23.61,217.26,99.2292
2011-09-09,22.97,211.39,96.6285
2011-09-12,22.88,216.56,97.2536
2011-09-13,24.08,219.53,98.1456
2011-09-14,24.34,222.57,99.5043
2011-09-15,24.82,226.78,101.2215
2011-09-16,25.8,239.3,101.8175
2011-09-19,25.77,241.69,100.8036
2011-09-20,26.01,233.25,100.6863
2011-09-21,25.85,231.87,97.7203
2011-09-22,25.63,223.23,94.5615
2011-09-23,26.38,223.61,95.1313
2011-09-26,25.52,229.85,97.3935
2011-09-27,26.19,224.21,98.4827
2011-09-28,24.59,229.71,96.4719
2011-09-29,24.12,222.44,97.2343
2011-09-30,24.39,216.23,94.8045
2011-10-03,23.73,211.98,92.1066
2011-10-04,23.66,212.5,94.1258
2011-10-05,25.37,219.498,95.8686
2011-10-06,26.96,221.51,97.603
2011-10-07,26.99,224.74,96.9495
2011-10-10,27.88,231.32,100.192
2011-10-11,27.61,235.48,100.2925
2011-10-12,27.8,236.81,101.1723
2011-10-13,27.94,236.15,100.9712
2011-10-14,28.05,246.71,102.6972
2011-10-17,27.42,242.33,100.7366
2011-10-18,28.34,243.88,102.7056
2011-10-19,27.57,231.53,101.4907
2011-10-20,27.34,233.61,101.9348
2011-10-21,28.03,234.78,103.8702
2011-10-24,28.55,237.61,105.1438
2011-10-25,28.25,227.15,103.0994
2011-10-26,27.98,198.4,104.1467
2011-10-27,28.76,206.78,107.7747
2011-10-28,29.87,217.32,107.7495
2011-10-31,29.37,213.51,105.1522
2011-11-01,28.88,212.105,102.2196
2011-11-02,28.71,215.62,103.887
2011-11-03,32.46,218.29,105.7806
2011-11-04,32.31,216.48,105.1354
2011-11-07,31.27,217.0,105.7889
2011-11-08,31.84,217.99,107.1463
2011-11-09,30.88,211.22,103.1916
2011-11-10,31.33,210.79,104.1635
2011-11-11,33.64,217.39,106.1241
2011-11-14,33.22,218.93,105.1186
2011-11-15,33.93,217.83,105.6381
2011-11-16,34.94,211.99,103.9624
2011-11-17,33.68,204.52,102.3118
2011-11-18,32.6,197.14,102.2029
2011-11-21,31.76,189.25,100.259
2011-11-22,32.07,192.34,99.8652
2011-11-23,31.45,188.99,97.6616
2011-11-25,31.66,182.399,97.4773
2011-11-28,32.56,194.15,100.3009
2011-11-29,31.75,188.39,100.5858
2011-11-30,32.74,192.29,104.7248
2011-12-01,32.6,197.13,104.7081
2011-12-02,33.3,196.03,104.6159
2011-12-05,34.42,196.24,105.7554
2011-12-06,34.87,191.99,105.7889
2011-12-07,34.19,195.32,106.1827
2011-12-08,30.89,190.48,103.8535
2011-12-09,31.04,193.03,105.613
2011-12-12,30.41,189.52,104.0713
2011-12-13,29.45,180.51,103.0994
2011-12-14,28.53,180.21,102.0018
2011-12-15,28.62,181.26,102.3704
2011-12-16,28.0,181.26,102.5214
2011-12-19,27.75,179.33,101.4252
2011-12-20,27.9,182.52,104.4944
2011-12-21,27.57,174.35,104.6968
2011-12-22,27.77,179.03,105.6242
2011-12-23,27.9,177.28,106.5686
2011-12-27,28.57,176.27,106.6529
2011-12-28,28.51,173.89,105.2532
2011-12-29,28.73,173.86,106.3409
2011-12-30,28.56,173.1,105.8182
2012-01-03,28.08,179.03,107.5045
2012-01-04,27.71,177.51,107.6732
2012-01-05,27.12,177.61,107.9598
2012-01-06,26.91,182.61,107.6816
2012-01-09,27.25,178.56,107.943
2012-01-10,27.62,179.34,108.8789
2012-01-11,28.23,178.9,108.9379
2012-01-12,28.25,175.93,109.1993
2012-01-13,22.79,178.42,108.6344
2012-01-17,26.6,181.66,109.056
2012-01-18,26.81,189.44,110.2617
2012-01-19,26.76,194.45,110.8435
2012-01-20,26.6,190.93,111.2566
2012-01-23,26.77,186.09,110.97
2012-01-24,27.42,187.0,110.8435
2012-01-25,27.97,187.8,111.771
2012-01-26,28.94,193.316,111.1976
2012-01-27,29.33,195.37,111.147
2012-01-30,29.57,192.15,110.7676
2012-01-31,29.07,194.44,110.7254
2012-02-01,29.58,179.46,111.6951
2012-02-02,30.25,181.72,111.8722
2012-02-03,31.15,187.68,113.4405
2012-02-06,31.8,183.14,113.3646
2012-02-07,31.6,184.19,113.6512
2012-02-08,31.93,185.48,113.9885
2012-02-09,32.58,184.98,114.1319
2012-02-10,31.1,185.54,113.2887
2012-02-13,31.49,191.59,114.1319
2012-02-14,33.17,191.3,113.9885
2012-02-15,33.6,184.47,113.4573
2012-02-16,34.18,179.93,114.7136
2012-02-17,34.97,182.5,115.0172
2012-02-21,34.5,182.26,115.0678
2012-02-22,34.22,180.58,114.6968
2012-02-23,34.53,178.89,115.2027
2012-02-24,33.75,179.13,115.4556
2012-02-27,33.62,178.53,115.6496
2012-02-28,33.81,183.8,115.9868
2012-02-29,33.41,179.69,115.5315
2012-03-01,34.41,180.04,116.1302
2012-03-02,34.04,179.3,115.776
2012-03-05,33.77,180.26,115.3039
2012-03-06,33.11,181.09,113.6175
2012-03-07,33.12,183.77,114.4101
2012-03-08,33.07,187.64,115.5484
2012-03-09,34.74,184.32,115.9953
2012-03-12,36.01,183.39,116.0037
2012-03-13,36.09,184.59,118.0948
2012-03-14,35.29,182.26,117.9683
2012-03-15,35.0,184.43,118.6513
2012-03-16,35.32,185.05,118.8147
2012-03-19,34.98,185.52,119.2805
2012-03-20,34.96,192.33,118.9333
2012-03-21,35.15,191.73,118.7385
2012-03-22,34.4,192.4,117.8832
2012-03-23,34.08,195.04,118.2643
2012-03-26,37.4,202.87,119.9241
2012-03-27,37.94,205.44,119.5515
2012-03-28,37.85,201.16,118.9587
2012-03-29,37.33,204.61,118.7555
2012-03-30,37.24,202.51,119.2466
2012-04-02,36.58,198.05,120.1189
2012-04-03,38.01,199.66,119.6277
2012-04-04,35.0,193.99,118.4421
2012-04-05,34.48,194.39,118.3828
2012-04-09,33.15,191.87,117.0533
2012-04-10,32.46,186.98,115.0886
2012-04-11,33.09,187.97,116.0201
2012-04-12,33.44,190.69,117.536
2012-04-13,33.59,188.46,116.1387
2012-04-16,32.25,185.5,116.0624
2012-04-17,32.24,188.39,117.7816
2012-04-18,32.66,191.07,117.3835
2012-04-19,33.16,191.1,116.6298
2012-04-20,33.16,189.98,116.8246
2012-04-23,31.94,188.24,115.8423
2012-04-24,31.82,190.33,116.2826
2012-04-25,32.91,194.42,117.8747
2012-04-26,33.49,195.99,118.6962
2012-04-27,33.34,226.85,118.891
2012-04-30,33.13,231.9,118.4506
2012-05-01,33.78,230.04,119.1874
2012-05-02,33.94,230.25,118.8317
2012-05-03,32.46,229.45,117.9255
2012-05-04,31.83,223.99,116.0201
2012-05-07,32.47,225.16,116.1048
2012-05-08,30.19,223.9,115.639
2012-05-09,30.06,222.98,114.9531
2012-05-10,32.96,226.69,115.1902
2012-05-11,32.25,227.68,114.843
2012-05-14,30.06,222.93,113.5727
2012-05-15,29.43,224.39,112.9206
2012-05-16,29.18,224.06,112.4887
2012-05-17,28.57,218.36,110.8204
2012-05-18,27.56,213.85,109.8719
2012-05-21,28.77,218.11,111.7604
2012-05-22,30.79,215.33,111.9552
2012-05-23,31.02,217.28,112.0144
2012-05-24,30.32,215.24,112.2346
2012-05-25,29.81,212.89,111.8705
2012-05-29,31.69,214.75,113.2255
2012-05-30,30.41,209.23,111.5825
2012-05-31,29.5,212.91,111.337
2012-06-01,28.15,208.22,108.5338
2012-06-04,27.88,214.57,108.483
2012-06-05,27.91,213.21,109.3045
2012-06-06,29.22,217.64,111.7604
2012-06-07,28.93,218.8,111.8281
2012-06-08,30.08,218.48,112.7173
2012-06-11,29.12,216.5,111.2861
2012-06-12,29.66,216.42,112.5649
2012-06-13,29.77,214.73,111.8451
2012-06-14,29.39,214.45,113.0307
2012-06-15,29.91,218.35,114.1809
2012-06-18,31.84,222.66,114.4023
2012-06-19,32.09,224.03,115.5088
2012-06-20,33.78,223.02,115.3216
2012-06-21,32.19,220.575,112.7339
2012-06-22,33.785,222.16,113.6021
2012-06-25,33.11,220.07,111.7805
2012-06-26,31.61,225.61,112.3423
2012-06-27,31.96,225.62,113.3553
2012-06-28,31.41,221.31,113.0318
2012-06-29,31.29,228.35,115.8493
2012-07-02,30.4,229.32,116.1983
2012-07-03,30.66,229.53,116.9644
2012-07-05,31.23,227.06,116.4366
2012-07-06,30.99,225.05,115.3301
2012-07-09,31.49,225.05,115.1854
2012-07-10,31.27,219.5,114.1809
2012-07-11,31.51,218.37,114.198
2012-07-12,32.7,215.36,113.6447
2012-07-13,34.25,218.39,115.5514
2012-07-16,35.96,216.01,115.279
2012-07-17,33.35,216.93,116.0706
2012-07-18,32.15,217.47,116.9303
2012-07-19,32.27,226.17,117.2368
2012-07-20,31.79,228.29,116.1642
2012-07-23,30.66,226.01,114.9896
2012-07-24,29.84,223.04,114.0022
2012-07-25,28.95,217.05,114.0277
2012-07-26,28.13,220.01,115.9089
2012-07-27,29.51,237.32,118.0454
2012-07-30,27.35,236.09,118.0454
2012-07-31,27.42,233.3,117.2197
2012-08-01,26.25,232.09,117.1176
2012-08-02,26.1,230.81,116.309
2012-08-03,27.27,234.97,118.6157
2012-08-06,28.27,233.99,118.8456
2012-08-07,30.25,236.56,119.4414
2012-08-08,29.09,234.38,119.5861
2012-08-09,29.41,234.06,119.6882
2012-08-10,29.94,232.75,119.884
2012-08-13,31.17,232.44,119.8244
2012-08-14,29.42,233.19,119.8415
2012-08-15,29.4,237.42,119.9777
2012-08-16,30.3,241.55,120.8629
2012-08-17,30.01,241.17,121.0246
2012-08-20,29.51,240.35,121.0332
2012-08-21,29.11,239.45,120.6671
2012-08-22,29.95,243.1,120.7182
2012-08-23,30.73,241.198,119.7308
2012-08-24,29.5,245.74,120.4543
2012-08-27,28.32,243.92,120.4799
2012-08-28,28.69,246.11,120.3607
2012-08-29,28.41,247.12,120.4543
2012-08-30,28.41,246.22,119.5861
2012-08-31,28.52,248.27,120.1564
2012-09-04,28.14,247.88,120.0458
2012-09-05,27.94,246.22,119.9436
2012-09-06,28.55,251.38,122.3781
2012-09-07,29.35,259.14,122.8547
2012-09-10,27.37,257.09,122.1567
2012-09-11,27.8,255.67,122.4972
2012-09-12,28.28,255.63,122.9058
2012-09-13,29.48,260.24,124.7785
2012-09-14,30.39,261.27,125.3318
2012-09-17,32.54,258.0,124.9061
2012-09-18,31.34,258.75,124.804
2012-09-19,31.05,261.68,124.8721
2012-09-20,30.9,260.81,124.8806
2012-09-21,30.02,257.47,124.8291
2012-09-24,30.66,254.805,124.6408
2012-09-25,27.66,252.46,123.3144
2012-09-26,27.54,249.67,122.6212
2012-09-27,28.49,256.59,123.7765
2012-09-28,29.28,254.32,123.2031
2012-10-01,29.16,252.01,123.5283
2012-10-02,29.8,250.6,123.6567
2012-10-03,29.3,255.92,124.1616
2012-10-04,29.4,260.47,125.0516
2012-10-05,28.89,258.51,125.0601
2012-10-08,29.25,259.06,124.6322
2012-10-09,28.37,250.96,123.4
2012-10-10,28.4,244.99,122.6127
2012-10-11,28.32,244.22,122.6811
2012-10-12,27.64,242.36,122.2789
2012-10-15,27.33,244.18,123.2973
2012-10-16,28.06,243.94,124.5467
2012-10-17,28.8191,247.49,125.1115
2012-10-18,28.04,244.85,124.7863
2012-10-19,27.74,240.0,122.7068
2012-10-22,27.85,233.78,122.7239
2012-10-23,28.39,234.31,121.021
2012-10-24,27.42,228.49,120.6787
2012-10-25,27.52,222.92,121.0295
2012-10-26,27.38,238.24,120.9611
2012-10-31,28.1314,232.8931,120.9611
2012-11-01,29.2454,232.14,122.2276
2012-11-02,28.9182,232.4224,121.1408
2012-11-05,31.5,234.33,121.3889
2012-11-06,31.15,237.56,122.3388
2012-11-07,31.54,232.0608,119.5662
2012-11-08,31.31,227.35,118.1285
2012-11-09,30.32,226.31,118.2312
2012-11-12,31.07,226.47,118.3253
2012-11-13,31.6143,226.6,117.9146
2012-11-14,31.38,222.95,116.3229
2012-11-15,30.82,220.599,116.126
2012-11-16,31.8399,225.23,116.6994
2012-11-19,32.92,229.71,119.0613
2012-11-20,33.0,233.78,119.1126
2012-11-21,32.47,238.03,119.3351
2012-11-23,32.13,239.88,120.9611
2012-11-26,32.27,243.62,120.7043
2012-11-27,32.15,243.4017,120.0882
2012-11-28,33.23,247.11,121.0552
2012-11-29,33.69,251.27,121.62
2012-11-30,33.82,252.05,121.6457
2012-12-03,34.62,250.3291,121.0466
2012-12-04,33.9,252.4881,120.8755
2012-12-05,33.71,253.96,121.0894
2012-12-06,33.9,253.37,121.5002
2012-12-07,34.17,253.2681,121.8682
2012-12-10,34.57,247.77,121.9195
2012-12-11,35.28,250.69,122.7496
2012-12-12,35.26,251.76,122.8095
2012-12-13,33.61,251.25,122.0564
2012-12-14,33.81,249.19,121.6029
2012-12-17,34.4,253.86,123.032
2012-12-18,34.59,260.4,124.4012
2012-12-19,34.61,257.99,123.477
2012-12-20,34.43,261.5,124.1873
2012-12-21,34.0,256.92,123.0678
2012-12-24,34.28,258.62,122.6886
2012-12-26,33.59,248.6314,122.1714
2012-12-27,33.69,248.31,122.0077
2012-12-28,33.22,245.18,120.689
2012-12-31,33.87,250.87,122.7403
2013-01-02,35.36,257.31,125.8861
2013-01-03,34.77,258.48,125.6017
2013-01-04,34.4,259.15,126.1533
2013-01-07,34.34,268.4592,125.8086
2013-01-08,33.68,266.38,125.4466
2013-01-09,33.64,266.35,125.7655
2013-01-10,33.53,265.34,126.7652
2013-01-11,32.91,267.94,126.7566
2013-01-14,33.26,272.73,126.6704
2013-01-15,33.9,271.9,126.7566
2013-01-16,34.1,268.93,126.7394
2013-01-17,34.38,270.48,127.5582
2013-01-18,34.52,272.12,127.8426
2013-01-22,35.19,270.19,128.5321
2013-01-23,36.0,268.11,128.7389
2013-01-24,36.99,273.62,128.7734
2013-01-25,36.98,283.99,129.4974
2013-01-28,38.03,276.04,129.3423
2013-01-29,37.95,260.35,129.8508
2013-01-30,37.52,272.764,129.3423
2013-01-31,37.51,265.5,129.0234
2013-02-01,38.3,265.0,130.3507
2013-02-04,37.74,259.98,128.8855
2013-02-05,38.13,266.89,130.1869
2013-02-06,39.17,262.22,130.2817
2013-02-07,39.48,260.23,130.1093
2013-02-08,39.24,261.95,130.8333
2013-02-11,38.42,257.21,130.8075
2013-02-12,37.89,258.7,131.0229
2013-02-13,38.45,269.47,131.135
2013-02-14,38.3,269.24,131.2556
2013-02-15,37.04,265.09,131.1005
2013-02-19,39.28,269.75,132.083
2013-02-20,38.54,266.41,130.4368
2013-02-21,35.16,265.94,129.6439
2013-02-22,36.11,265.42,130.9109
2013-02-25,34.38,259.87,128.4201
2013-02-26,34.43,259.36,129.2992
2013-02-27,35.1,263.25,130.9281
2013-02-28,34.83,264.27,130.6696
2013-03-01,34.65,265.74,131.1005
2013-03-04,35.58,273.11,131.7986
2013-03-05,36.65,275.59,132.9794
2013-03-06,37.69,273.79,133.1604
2013-03-07,38.23,273.88,133.4017
2013-03-08,38.47,274.19,133.9706
2013-03-11,39.1,271.24,134.4791
2013-03-12,39.12,274.13,134.1774
2013-03-13,38.98,275.1,134.367
2013-03-14,36.85,265.74,135.0824
2013-03-15,35.29,261.82,134.9046
2013-03-18,35.15,257.89,134.1601
2013-03-19,35.08,256.41,133.8484
2013-03-20,35.95,257.278,134.7834
2013-03-21,36.01,253.39,133.632
2013-03-22,36.62,257.75,134.7055
2013-03-25,37.53,256.02,134.1428
2013-03-26,37.86,260.31,135.2162
2013-03-27,38.16,265.3,135.2162
2013-03-28,37.89,266.49,135.6318
2013-04-01,43.93,261.61,135.095
2013-04-02,44.34,263.322,135.7617
2013-04-03,41.1,259.03,134.3852
2013-04-04,42.01,259.08,134.9306
2013-04-05,41.37,255.48,134.3246
2013-04-08,41.83,258.95,135.2336
2013-04-09,40.5,261.14,135.7011
2013-04-10,41.86,264.77,137.3632
2013-04-11,43.59,269.85,137.8134
2013-04-12,43.75,272.87,137.4758
2013-04-15,43.3,267.72,134.2899
2013-04-16,45.59,272.34,136.2724
2013-04-17,45.45,267.4,134.2813
2013-04-18,46.97,259.42,133.4415
2013-04-19,47.83,260.32,134.6016
2013-04-22,50.19,263.55,135.1989
2013-04-23,51.01,268.9,136.5927
2013-04-24,50.43,268.78,136.6793
2013-04-25,52.0,274.7,137.2334
2013-04-26,51.2,254.81,136.991
2013-04-29,54.94,249.74,137.9086
2013-04-30,53.99,253.81,138.2376
2013-05-01,53.28,248.23,137.0256
2013-05-02,54.11,252.55,138.2982
2013-05-03,54.55,258.05,139.7007
2013-05-06,59.5,255.72,140.0556
2013-05-07,55.51,257.73,140.7655
2013-05-08,55.7865,258.68,141.4061
2013-05-09,69.4,260.16,141.0079
2013-05-10,76.764,263.63,141.4667
2013-05-13,87.8,264.51,141.5793
2013-05-14,83.24,268.33,143.0423
2013-05-15,84.842,266.56,143.8128
2013-05-16,92.248,264.12,143.1376
2013-05-17,91.5,269.9,144.5227
2013-05-20,89.94,267.63,144.514
2013-05-21,87.59,268.86,144.7218
2013-05-22,87.24,262.96,143.6483
2013-05-23,92.73,261.8,143.2328
2013-05-24,97.08,261.74,143.1116
2013-05-28,110.334,267.29,143.9686
2013-05-29,104.629,265.53,143.0337
2013-05-30,104.95,266.83,143.5618
2013-05-31,97.76,269.2,141.5014
2013-06-03,92.59,266.88,142.2805
2013-06-04,94.84,265.7,141.5966
2013-06-05,95.37,267.17,139.6141
2013-06-06,97.35,267.83,140.878
2013-06-07,102.04,276.87,142.6701
2013-06-10,100.05,281.07,142.6701
2013-06-11,94.47,274.78,141.1984
2013-06-12,97.73,271.67,140.0296
2013-06-13,98.18,275.79,142.1593
2013-06-14,100.3,273.99,141.2676
2013-06-17,102.2,278.06,142.3584
2013-06-18,103.39,281.76,143.4838
2013-06-19,104.68,278.16,141.5014
2013-06-20,100.65,273.44,137.9952
2013-06-21,99.55,273.36,138.436
2013-06-24,101.49,270.61,136.6867
2013-06-25,102.4,272.088,138.0008
2013-06-26,105.72,277.57,139.3672
2013-06-27,109.25,277.55,140.1852
2013-06-28,107.36,277.69,139.6108
2013-07-01,117.179,282.1,140.4289
2013-07-02,117.82,283.73,140.2984
2013-07-03,115.24,284.03,140.3593
2013-07-05,120.09,285.88,141.8736
2013-07-08,121.61,290.59,142.6829
2013-07-09,123.45,291.53,143.7099
2013-07-10,122.27,292.33,143.7621
2013-07-11,125.61,299.66,145.7202
2013-07-12,129.9,307.55,145.7811
2013-07-15,127.26,306.57,146.3381
2013-07-16,109.05,306.87,145.7898
2013-07-17,120.25,308.69,146.1641
2013-07-18,119.03,304.11,146.9647
2013-07-19,119.68,305.23,147.2258
2013-07-22,122.43,303.48,147.513
2013-07-23,122.74,301.06,147.1997
2013-07-24,121.7,298.94,146.6601
2013-07-25,124.07,303.4,147.0169
2013-07-26,129.39,312.01,147.1736
2013-07-29,134.62,306.1,146.721
2013-07-30,131.74,302.41,146.721
2013-07-31,134.28,301.22,146.8255
2013-08-01,135.55,305.57,148.5225
2013-08-02,138.0,304.21,148.7749
2013-08-05,144.68,300.99,148.5573
2013-08-06,142.15,300.75,147.7132
2013-08-07,134.23,296.91,147.2345
2013-08-08,153.48,295.74,147.7741
2013-08-09,153.0,297.26,147.3477
2013-08-12,147.38,296.69,147.1736
2013-08-13,145.43,293.97,147.6087
2013-08-14,139.36,291.34,146.8516
2013-08-15,139.67,286.47,144.7977
2013-08-16,142.0,284.82,144.3191
2013-08-19,144.9,285.57,143.3966
2013-08-20,149.58,287.09,144.1015
2013-08-21,147.86,284.57,143.2138
2013-08-22,157.1,289.73,144.5192
2013-08-23,161.839,290.01,145.0066
2013-08-26,164.22,286.21,144.467
2013-08-27,167.01,280.93,142.1434
2013-08-28,166.45,281.58,142.6481
2013-08-29,166.06,283.98,142.8744
2013-08-30,169.0,280.98,142.4219
2013-09-03,168.94,288.8,143.0659
2013-09-04,170.622,293.64,144.2494
2013-09-05,169.93,294.1,144.4322
2013-09-06,166.97,295.86,144.5018
2013-09-09,160.7,299.71,145.8856
2013-09-10,166.37,300.36,146.9647
2013-09-11,163.52,299.64,147.426
2013-09-12,164.93,298.86,147.0344
2013-09-13,165.54,297.92,147.3651
2013-09-16,166.58,296.06,148.2179
2013-09-17,166.23,304.17,148.8794
2013-09-18,166.218,312.034,150.6025
2013-09-19,177.92,312.06,150.3501
2013-09-20,183.39,316.34,149.304
2013-09-23,181.11,311.49,148.6131
2013-09-24,182.33,314.13,148.2633
2013-09-25,185.238,312.65,147.8348
2013-09-26,188.64,318.12,148.4032
2013-09-27,190.9,316.01,147.7211
2013-09-30,193.37,312.64,146.934
2013-10-01,193.0,320.95,148.0971
2013-10-02,180.95,320.51,147.9572
2013-10-03,173.31,314.76,146.5929
2013-10-04,180.98,319.04,147.7036
2013-10-07,183.07,310.03,146.4267
2013-10-08,174.73,303.23,144.7213
2013-10-09,168.78,298.23,144.8263
2013-10-10,172.93,305.174,147.9484
2013-10-11,178.7,310.889,148.9017
2013-10-14,179.72,310.7,149.4964
2013-10-15,183.94,306.4,148.412
2013-10-16,183.56,310.49,150.4847
2013-10-17,182.802,310.77,151.4904
2013-10-18,183.4,328.931,152.5136
2013-10-21,172.6,326.44,152.5224
2013-10-22,171.54,332.54,153.4057
2013-10-23,164.5,326.756,152.671
2013-10-24,173.15,332.21,153.1783
2013-10-25,169.66,363.39,153.8779
2013-10-28,162.86,358.16,154.1228
2013-10-29,164.47,362.7,154.9449
2013-10-30,159.22,361.08,154.1753
2013-10-31,159.94,364.03,153.738
2013-11-01,162.17,359.002,154.1053
2013-11-04,175.2,358.74,154.6475
2013-11-05,176.81,358.892,154.1578
2013-11-06,151.16,356.18,154.9449
2013-11-07,139.772,343.56,152.9859
2013-11-08,137.95,350.31,155.0498
2013-11-11,144.698,354.378,155.0761
2013-11-12,137.8,349.53,154.7612
2013-11-13,138.7,356.22,156.0031
2013-11-14,137.6,367.396,156.7815
2013-11-15,135.45,369.17,157.4636
2013-11-18,121.58,366.18,156.9126
2013-11-19,126.09,364.94,156.5716
2013-11-20,121.11,362.57,156.0818
2013-11-21,122.1,368.92,157.3412
2013-11-22,121.38,372.31,158.1283
2013-11-25,120.84,376.64,157.9708
2013-11-26,120.5,381.37,158.0146
2013-11-27,126.94,386.71,158.3994
2013-11-29,127.28,393.62,158.2944
2013-12-02,124.17,392.3,157.8834
2013-12-03,144.7,384.66,157.2012
2013-12-04,138.95,385.96,157.1837
2013-12-05,140.48,384.49,156.4928
2013-12-06,137.36,386.95,158.242
2013-12-09,141.6,384.89,158.6443
2013-12-10,142.19,387.78,158.0758
2013-12-11,139.65,382.19,156.3004
2013-12-12,147.47,381.25,155.7845
2013-12-13,147.654,384.24,155.767
2013-12-16,147.94,388.97,156.7377
2013-12-17,152.46,387.65,156.2392
2013-12-18,147.98,395.96,158.9066
2013-12-19,140.72,395.19,158.723
2013-12-20,143.24,402.2,159.6415
2013-12-23,143.55,402.92,160.4944
2013-12-24,151.41,399.2,160.8461
2013-12-26,155.5,404.39,161.6638
2013-12-27,151.12,398.08,161.655
2013-12-30,152.44,393.37,161.6286
2013-12-31,150.429,398.79,162.3936
2014-01-02,150.1,397.97,160.8373
2014-01-03,149.56,396.44,160.8109
2014-01-06,147.0,393.63,160.3449
2014-01-07,149.36,398.03,161.3297
2014-01-08,151.28,401.92,161.3648
2014-01-09,147.53,401.01,161.4704
2014-01-10,145.7199,397.66,161.91
2014-01-13,139.34,390.98,159.7558
2014-01-14,161.27,397.54,161.4967
2014-01-15,164.13,395.87,162.3672
2014-01-16,170.97,395.8,162.1562
2014-01-17,170.01,399.61,161.4704
2014-01-21,176.68,407.05,161.9452
2014-01-22,178.56,404.54,162.0507
2014-01-23,181.5,399.87,160.723
2014-01-24,174.6,387.6,157.2938
2014-01-27,169.62,386.28,156.52
2014-01-28,178.38,394.43,157.4521
2014-01-29,175.23,384.2,155.9397
2014-01-30,182.84,403.01,157.5927
2014-01-31,181.41,358.69,156.6695
2014-02-03,177.11,346.15,153.1436
2014-02-04,178.73,347.95,154.2163
2014-02-05,174.42,346.45,154.0229
2014-02-06,178.38,354.59,156.054
2014-02-07,186.53,361.08,157.9884
2014-02-10,196.56,360.87,158.2786
2014-02-11,196.62,361.79,160.0108
2014-02-12,195.32,349.25,160.0899
2014-02-13,199.63,357.2,160.9164
2014-02-14,198.23,357.35,161.8045
2014-02-18,203.7,353.65,161.9979
2014-02-19,193.64,347.38,160.9252
2014-02-20,209.97,349.8,161.8748
2014-02-21,209.6,346.76,161.6902
2014-02-24,217.65,351.78,162.587
2014-02-25,248.0,358.32,162.5255
2014-02-26,253.0,359.8,162.5343
2014-02-27,252.54,360.13,163.3872
2014-02-28,244.81,362.1,163.8004
2014-03-03,250.56,359.78,162.6486
2014-03-04,254.84,363.9,164.9347
2014-03-05,252.66,372.37,165.0842
2014-03-06,252.94,372.16,165.4623
2014-03-07,246.21,372.06,165.5326
2014-03-10,238.84,370.53,165.4447
2014-03-11,234.41,368.82,164.627
2014-03-12,241.49,370.64,164.6709
2014-03-13,237.79,371.51,162.8244
2014-03-14,230.97,373.74,162.3672
2014-03-17,233.98,375.04,163.8356
2014-03-18,240.04,378.77,165.0051
2014-03-19,235.84,373.23,164.1258
2014-03-20,234.91,368.97,165.0842
2014-03-21,228.89,360.62,164.4464
2014-03-24,220.17,351.85,163.7663
2014-03-25,220.44,354.71,164.5435
2014-03-26,212.96,343.41,163.3601
2014-03-27,207.32,338.47,163.0156
2014-03-28,212.37,338.29,163.8193
2014-03-31,208.45,336.365,165.1617
2014-04-01,216.97,342.99,166.2569
2014-04-02,230.29,341.96,166.8133
2014-04-03,225.4,333.62,166.5925
2014-04-04,212.225,323.0,164.623
2014-04-07,207.52,317.76,162.8037
2014-04-08,215.46,327.07,163.4749
2014-04-09,216.93,331.805,165.2324
2014-04-10,204.19,317.11,161.7615
2014-04-11,203.78,311.73,160.3043
2014-04-14,198.09,315.91,161.5672
2014-04-15,193.91,316.08,162.68
2014-04-16,199.11,323.68,164.3845
2014-04-17,198.12,324.91,164.6142
2014-04-21,204.38,330.87,165.1882
2014-04-22,218.64,329.32,165.9389
2014-04-23,207.99,324.58,165.5503
2014-04-24,207.86,337.15,165.8859
2014-04-25,199.85,303.83,164.5259
2014-04-28,198.51,296.58,165.0469
2014-04-29,206.92,300.38,165.8153
2014-04-30,207.89,304.13,166.3099
2014-05-01,207.73,307.89,166.3275
2014-05-02,210.91,308.01,166.0891
2014-05-05,216.61,310.05,166.407
2014-05-06,207.28,297.38,164.9586
2014-05-07,201.35,292.71,165.9301
2014-05-08,178.59,288.32,165.7535
2014-05-09,182.26,292.24,166.0007
2014-05-12,184.67,302.86,167.617
2014-05-13,190.16,304.64,167.7671
2014-05-14,190.62,297.62,166.9722
2014-05-15,188.59,295.19,165.5062
2014-05-16,191.56,297.7,166.0802
2014-05-19,196.09,296.755,166.6896
2014-05-20,195.3,301.19,165.6386
2014-05-21,199.45,305.01,167.0341
2014-05-22,204.88,304.91,167.4403
2014-05-23,207.3,312.24,168.1115
2014-05-27,211.56,310.82,169.1448
2014-05-28,210.24,310.16,169.0212
2014-05-29,210.24,313.78,169.8955
2014-05-30,207.77,312.55,170.1693
2014-06-02,204.7,308.84,170.3636
2014-06-03,204.94,307.19,170.2753
2014-06-04,203.99,306.78,170.6197
2014-06-05,206.9,323.57,171.7325
2014-06-06,208.171,329.67,172.5539
2014-06-09,205.31,327.5,172.7305
2014-06-10,202.3,332.41,172.7482
2014-06-11,204.47,335.2,172.1476
2014-06-12,203.52,325.91,170.9288
2014-06-13,206.42,326.27,171.4499
2014-06-16,224.61,327.62,171.5912
2014-06-17,231.67,325.62,172.0681
2014-06-18,227.12,334.38,173.3311
2014-06-19,227.79,327.0,173.5254
2014-06-20,229.59,324.2,173.8757
2014-06-23,237.22,327.24,173.8225
2014-06-24,232.5,324.16,172.7753
2014-06-25,236.891,327.44,173.5562
2014-06-26,235.6,325.69,173.432
2014-06-27,239.06,324.57,173.7692
2014-06-30,240.06,324.78,173.6805
2014-07-01,239.72,332.39,174.843
2014-07-02,229.425,332.85,175.0204
2014-07-03,229.25,337.492,175.8812
2014-07-07,222.66,333.55,175.2689
2014-07-08,219.07,323.81,174.1419
2014-07-09,223.06,329.97,174.9228
2014-07-10,219.46,327.92,174.2307
2014-07-11,218.13,346.2,174.4703
2014-07-14,226.7,355.32,175.3488
2014-07-15,219.58,354.44,175.0204
2014-07-16,217.16,355.9,175.6682
2014-07-17,215.4,352.454,173.6716
2014-07-18,220.0201,358.66,175.4464
2014-07-21,220.54,359.76,175.1181
2014-07-22,219.58,360.84,175.8812
2014-07-23,222.49,358.14,176.2717
2014-07-24,223.54,358.61,176.2805
2014-07-25,223.57,324.01,175.4553
2014-07-28,224.82,320.41,175.5263
2014-07-29,225.01,320.0,174.772
2014-07-30,228.92,322.51,174.7986
2014-07-31,223.3,312.99,171.3466
2014-08-01,233.27,307.06,170.8231
2014-08-04,238.52,313.65,172.0566
2014-08-05,238.49,312.32,170.3883
2014-08-06,248.9301,313.89,170.4415
2014-08-07,252.39,311.45,169.5186
2014-08-08,248.13,316.8,171.4797
2014-08-11,259.32,318.33,171.9767
2014-08-12,259.96,319.32,171.7371
2014-08-13,260.31,326.28,172.8996
2014-08-14,261.38,333.21,173.716
2014-08-15,262.01,333.63,173.6805
2014-08-18,259.94,334.53,175.1358
2014-08-19,256.76,335.13,176.0498
2014-08-20,255.71,335.78,176.5201
2014-08-21,254.34,332.91,177.0348
2014-08-22,256.78,331.59,176.7597
2014-08-25,262.55,334.02,177.656
2014-08-26,261.74,341.83,177.7714
2014-08-27,263.25,343.18,177.7004
2014-08-28,263.86,340.02,177.6028
2014-08-29,269.7,339.04,178.1086
2014-09-02,284.12,342.38,178.0198
2014-09-03,281.19,339.0,177.9222
2014-09-04,286.04,345.95,177.6649
2014-09-05,277.39,346.38,178.4635
2014-09-08,282.11,342.34,178.0021
2014-09-09,278.48,329.75,176.8751
2014-09-10,281.1,331.33,177.5406
2014-09-11,280.31,330.52,177.7447
2014-09-12,279.2,331.19,176.7065
2014-09-15,253.86,323.89,176.5734
2014-09-16,260.74,327.76,177.9045
2014-09-17,261.38,324.0,178.1441
2014-09-18,263.82,325.0,179.0936
2014-09-19,259.32,331.32,178.9331
2014-09-22,250.03,324.5,177.5512
2014-09-23,250.41,323.63,176.5349
2014-09-24,252.14,328.21,177.9168
2014-09-25,246.95,321.93,175.046
2014-09-26,246.6,323.21,176.4368
2014-09-29,245.26,321.82,176.1158
2014-09-30,242.68,322.44,175.6522
2014-10-01,240.24,317.46,173.2718
2014-10-02,251.42,318.41,173.2986
2014-10-03,255.21,322.74,175.2065
2014-10-06,260.62,322.2,175.0014
2014-10-07,259.57,316.98,172.3
2014-10-08,259.28,322.7,175.3135
2014-10-09,257.01,315.37,171.8364
2014-10-10,236.91,311.39,169.875
2014-10-13,224.59,306.45,167.0845
2014-10-14,227.06,308.31,167.343
2014-10-15,229.7,305.97,166.2108
2014-10-16,226.35,302.86,166.0681
2014-10-17,227.48,303.64,168.0295
2014-10-20,230.47,306.21,169.6611
2014-10-21,235.34,315.33,173.0222
2014-10-22,231.1,312.97,171.7918
2014-10-23,235.29,313.18,173.7889
2014-10-24,235.24,287.06,175.1262
2014-10-27,221.67,289.97,174.8855
2014-10-28,242.77,295.59,176.8915
2014-10-29,238.1,294.12,176.624
2014-10-30,238.66,299.07,177.7563
2014-10-31,241.7,305.46,179.789
2014-11-03,242.59,305.72,179.8871
2014-11-04,238.93,302.81,179.263
2014-11-05,230.97,296.52,180.3953
2014-11-06,241.22,296.64,181.1174
2014-11-07,240.2,299.86,181.2868
2014-11-10,241.93,305.11,181.8574
2014-11-11,251.08,312.01,182.0357
2014-11-12,249.1,311.51,181.8396
2014-11-13,251.7,316.48,182.0446
2014-11-14,258.68,327.82,182.0892
2014-11-17,253.98,323.05,182.2051
2014-11-18,257.7,324.93,183.2571
2014-11-19,247.74,326.54,182.9629
2014-11-20,248.71,330.54,183.2839
2014-11-21,242.78,332.63,184.2646
2014-11-24,246.72,335.64,184.7817
2014-11-25,248.09,335.04,184.6479
2014-11-26,248.44,333.57,185.1204
2014-11-28,244.52,338.64,184.7282
2014-12-01,231.64,326.0,183.4443
2014-12-02,231.43,326.31,184.6301
2014-12-03,229.3,316.5,185.3433
2014-12-04,228.28,316.93,185.1383
2014-12-05,223.71,312.63,185.4414
2014-12-08,214.36,306.64,184.2022
2014-12-09,216.89,312.5,184.0773
2014-12-10,209.84,305.84,181.1263
2014-12-11,208.88,307.36,182.0446
2014-12-12,207.0,307.32,179.1025
2014-12-15,204.04,306.07,177.8722
2014-12-16,197.81,295.06,176.4457
2014-12-17,205.82,298.88,179.9049
2014-12-18,218.26,297.73,184.3537
2014-12-19,219.29,299.9,185.1338
2014-12-22,222.6,306.54,185.9854
2014-12-23,220.97,306.285,186.2364
2014-12-24,222.26,303.03,186.2543
2014-12-26,227.82,309.09,186.8549
2014-12-29,225.71,312.04,187.1059
2014-12-30,222.23,310.3,186.1019
2014-12-31,222.41,310.35,184.2552
2015-01-02,219.31,308.52,184.1566
2015-01-05,210.09,302.19,180.8308
2015-01-06,211.28,295.29,179.1276
2015-01-07,210.95,298.42,181.3597
2015-01-08,210.615,300.46,184.578
2015-01-09,206.66,296.93,183.0988
2015-01-12,202.21,291.41,181.6645
2015-01-13,204.25,294.74,181.1535
2015-01-14,192.69,293.27,180.0599
2015-01-15,191.87,286.95,178.4104
2015-01-16,193.07,290.74,180.7501
2015-01-20,191.93,289.44,181.1356
2015-01-21,196.57,297.25,182.05
2015-01-22,201.62,310.32,184.7572
2015-01-23,201.29,312.39,183.7443
2015-01-26,206.55,309.66,184.1746
2015-01-27,205.98,306.75,181.7452
2015-01-28,199.37,303.91,179.4144
2015-01-29,205.2,311.78,181.0729
2015-01-30,203.6,354.53,178.7959
2015-02-02,210.94,364.47,181.0101
2015-02-03,218.36,363.55,183.6277
2015-02-04,218.55,364.75,182.9285
2015-02-05,220.99,373.89,184.7752
2015-02-06,217.36,374.28,184.2642
2015-02-09,217.48,370.56,183.4395
2015-02-10,216.29,372.995,185.3937
2015-02-11,212.8,375.14,185.5013
2015-02-12,202.88,377.17,187.2852
2015-02-13,203.77,381.83,188.0562
2015-02-17,204.35,375.43,188.352
2015-02-18,204.46,373.37,188.3699
2015-02-19,211.705,378.995,188.2354
2015-02-20,217.11,383.66,189.365
2015-02-23,207.335,380.14,189.3381
2015-02-24,204.11,378.59,189.8759
2015-02-25,203.76,385.37,189.7146
2015-02-26,207.19,384.8,189.4905
2015-02-27,203.34,380.16,188.845
2015-03-02,197.325,385.655,190.0373
2015-03-03,199.56,384.61,189.2574
2015-03-04,202.435,382.72,188.4596
2015-03-05,200.63,387.83,188.6657
2015-03-06,193.88,380.09,186.0123
2015-03-09,190.88,378.56,186.7832
2015-03-10,190.32,369.51,183.7532
2015-03-11,193.74,366.37,183.3229
2015-03-12,191.07,374.24,185.6537
2015-03-13,188.68,370.58,184.5152
2015-03-16,195.7,373.35,186.9804
2015-03-17,194.73,371.92,186.4246
2015-03-18,200.71,375.135,188.6657
2015-03-19,195.65,373.24,187.8052
2015-03-20,198.08,378.49,189.4553
2015-03-23,199.63,375.11,189.0862
2015-03-24,201.72,374.09,188.0237
2015-03-25,194.3,370.96,185.2684
2015-03-26,190.405,367.35,184.8272
2015-03-27,185.0,370.56,185.2504
2015-03-30,190.57,374.59,187.5105
2015-03-31,188.77,372.1,185.8717
2015-04-01,187.59,370.255,185.2144
2015-04-02,191.0,372.25,185.8807
2015-04-06,203.1,377.04,187.1323
2015-04-07,203.25,374.41,186.6371
2015-04-08,207.67,381.2,187.2673
2015-04-09,210.09,383.54,188.0957
2015-04-10,210.9,382.65,189.1222
2015-04-13,209.78,382.36,188.2668
2015-04-14,207.46,385.11,188.627
2015-04-15,207.83,383.45,189.4733
2015-04-16,206.7,386.04,189.4193
2015-04-17,206.79,375.56,187.2403
2015-04-20,205.27,389.51,188.9511
2015-04-21,209.41,391.18,188.726
2015-04-22,219.44,389.8,189.6534
2015-04-23,218.6,389.99,190.1306
2015-04-24,218.425,445.1,190.5718
2015-04-27,231.55,438.56,189.7795
2015-04-28,230.48,429.31,190.3828
2015-04-29,232.45,429.37,189.5994
2015-04-30,226.05,421.78,187.6995
2015-05-01,226.03,422.87,189.7345
2015-05-04,230.51,423.04,190.2747
2015-05-05,232.95,421.19,188.0957
2015-05-06,230.43,419.1,187.3214
2015-05-07,236.8,426.88,188.0687
2015-05-08,236.61,433.69,190.5448
2015-05-11,239.49,432.85,189.6354
2015-05-12,244.74,431.02,189.0682
2015-05-13,243.18,426.87,189.1042
2015-05-14,244.1,432.28,191.0761
2015-05-15,248.84,426.0,191.2832
2015-05-18,248.75,425.24,191.8774
2015-05-19,247.14,421.71,191.8144
2015-05-20,244.35,423.86,191.6794
2015-05-21,245.62,431.63,192.2376
2015-05-22,247.73,427.63,191.7784
2015-05-26,247.455,425.47,189.7165
2015-05-27,247.43,431.42,191.5173
2015-05-28,251.45,426.57,191.3012
2015-05-29,250.8,429.23,190.1126
2015-06-01,249.45,430.92,190.4998
2015-06-02,248.35,430.99,190.3107
2015-06-03,248.99,436.59,190.815
2015-06-04,245.92,430.78,189.2032
2015-06-05,249.14,426.95,188.8791
2015-06-08,256.29,423.5,187.6635
2015-06-09,256.0,425.48,187.6905
2015-06-10,250.7,430.77,189.9506
2015-06-11,251.41,432.97,190.5718
2015-06-12,250.69,429.92,189.0231
2015-06-15,250.38,423.67,188.2758
2015-06-16,253.12,427.26,189.3113
2015-06-17,260.41,427.81,189.6174
2015-06-18,261.89,439.39,191.5263
2015-06-19,262.51,434.92,190.743
2015-06-22,259.79,436.29,191.7202
2015-06-23,267.67,445.99,191.865
2015-06-24,265.17,440.84,190.4715
2015-06-25,268.79,440.1,189.8563
2015-06-26,267.09,438.1,189.9196
2015-06-29,262.02,429.86,185.9113
2015-06-30,268.26,434.09,186.2913
2015-07-01,269.15,437.39,187.8114
2015-07-02,280.02,437.71,187.5852
2015-07-06,279.72,436.04,186.9971
2015-07-07,267.88,436.72,188.2095
2015-07-08,254.96,429.7,185.0608
2015-07-09,257.92,434.39,185.3051
2015-07-10,259.15,443.51,187.73
2015-07-13,262.16,455.57,189.7929
2015-07-14,265.65,465.57,190.6616
2015-07-15,263.14,461.19,190.5801
2015-07-16,266.68,475.48,192.064
2015-07-17,274.66,483.01,192.245
2015-07-20,282.26,488.1,192.3807
2015-07-21,266.77,488.0,191.6026
2015-07-22,267.87,488.27,191.1773
2015-07-23,267.2,482.18,190.1368
2015-07-24,265.41,529.42,188.1462
2015-07-27,253.01,531.41,187.0604
2015-07-28,264.82,526.03,189.3858
2015-07-29,263.82,529.0,190.7068
2015-07-30,266.79,536.76,190.752
2015-07-31,266.15,536.15,190.4173
2015-08-03,259.99,535.03,189.7658
2015-08-04,266.28,531.9,189.3948
2015-08-05,270.13,537.01,190.1006
2015-08-06,246.13,529.46,188.5172
2015-08-07,242.51,522.62,188.1281
2015-08-10,241.14,524.0,190.5801
2015-08-11,237.37,527.46,188.7976
2015-08-12,238.17,525.91,189.0329
2015-08-13,242.51,529.66,188.8338
2015-08-14,243.15,531.52,189.431
2015-08-17,254.99,535.22,190.5168
2015-08-18,260.72,535.02,189.9468
2015-08-19,255.25,532.92,188.4538
2015-08-20,242.18,515.78,184.5903
2015-08-21,230.77,494.47,178.8176
2015-08-24,218.87,463.37,171.5067
2015-08-25,220.03,466.37,169.4076
2015-08-26,224.84,500.77,176.1484
2015-08-27,242.99,518.37,180.202
2015-08-28,248.48,518.01,180.2743
2015-08-31,249.06,512.89,178.7362
2015-09-01,238.63,496.54,173.5154
2015-09-02,247.69,510.55,176.8089
2015-09-03,245.57,504.72,177.0261
2015-09-04,241.93,499.0,174.2574
2015-09-08,248.17,517.54,178.6638
2015-09-09,248.91,516.89,176.2208
2015-09-10,248.48,522.24,177.207
2015-09-11,250.24,529.44,178.0123
2015-09-14,253.19,521.38,177.3247
2015-09-15,253.57,522.37,179.5595
2015-09-16,262.25,527.39,181.0887
2015-09-17,262.07,538.87,180.6906
2015-09-18,260.62,540.26,177.6987
2015-09-21,264.2,548.39,178.6811
2015-09-22,260.94,538.4,176.3707
2015-09-23,261.06,536.07,176.0978
2015-09-24,263.12,533.75,175.4884
2015-09-25,256.91,524.25,175.4338
2015-09-28,248.43,504.06,170.9222
2015-09-29,246.65,496.07,171.0769
2015-09-30,248.4,511.89,174.2696
2015-10-01,239.88,520.72,174.7607
2015-10-02,247.57,532.54,177.3713
2015-10-05,246.15,543.68,180.5276
2015-10-06,241.46,537.48,179.9091
2015-10-07,231.96,541.94,181.3826
2015-10-08,226.72,533.16,183.0199
2015-10-09,220.69,539.8,183.129
2015-10-12,215.58,550.19,183.3018
2015-10-13,219.25,548.9,182.1467
2015-10-14,216.88,544.83,181.2734
2015-10-15,221.31,562.44,184.0568
2015-10-16,227.01,570.76,184.8936
2015-10-19,228.1,573.15,184.9846
2015-10-20,213.03,560.88,184.7481
2015-10-21,210.09,555.77,183.602
2015-10-22,211.72,563.91,186.6583
2015-10-23,209.09,599.03,188.7594
2015-10-26,215.26,608.61,188.2773
2015-10-27,210.35,611.01,187.8953
2015-10-28,212.96,617.1,190.0511
2015-10-29,211.63,626.55,190.0056
2015-10-30,206.93,625.9,189.1324
2015-11-02,213.79,628.35,191.37
2015-11-03,208.35,625.31,191.9248
2015-11-04,231.63,640.95,191.3609
2015-11-05,231.77,655.65,191.1517
2015-11-06,232.36,659.37,191.0516
2015-11-09,225.33,655.49,189.2688
2015-11-10,216.5,659.68,189.7054
2015-11-11,219.08,673.25,188.9595
2015-11-12,212.94,665.6,186.3217
2015-11-13,207.19,642.35,184.2296
2015-11-16,214.31,647.81,187.0312
2015-11-17,214.0,643.3,186.8948
2015-11-18,221.07,663.54,189.86
2015-11-19,221.8,661.27,189.6963
2015-11-20,220.01,668.45,190.3876
2015-11-23,217.75,678.99,190.1693
2015-11-24,218.25,671.15,190.424
2015-11-25,229.64,675.34,190.3967
2015-11-27,231.61,673.26,190.615
2015-11-30,230.26,664.8,189.8237
2015-12-01,237.19,679.06,191.6337
2015-12-02,231.99,676.01,189.6781
2015-12-03,232.71,666.25,187.0221
2015-12-04,230.38,672.64,190.6696
2015-12-07,231.13,669.83,189.5144
2015-12-08,226.72,677.33,188.241
2015-12-09,224.52,664.79,186.7765
2015-12-10,227.07,662.32,187.2586
2015-12-11,217.02,640.15,183.6293
2015-12-14,218.58,657.91,184.5571
2015-12-15,221.09,658.64,186.4945
2015-12-16,234.51,675.77,189.2233
2015-12-17,233.39,670.65,186.3399
2015-12-18,230.46,664.14,183.0395
2015-12-21,232.56,664.51,184.5494
2015-12-22,229.95,663.15,186.224
2015-12-23,229.7,663.7,188.5301
2015-12-24,230.57,662.79,188.219
2015-12-28,228.95,675.2,187.7889
2015-12-29,237.19,693.97,189.793
2015-12-30,238.09,689.07,188.4477
2015-12-31,240.01,675.89,186.5626
2016-01-04,223.41,636.99,183.9538
2016-01-05,223.43,633.79,184.2657
2016-01-06,219.04,632.65,181.9413
2016-01-07,215.65,607.94,177.5763
2016-01-08,211.0,607.05,175.6299
2016-01-11,207.85,617.74,175.801
2016-01-12,209.97,617.89,177.2201
2016-01-13,200.31,581.81,172.7994
2016-01-14,206.18,593.0,175.6363
2016-01-15,204.99,570.18,171.866
2016-01-19,204.72,574.48,172.0948
2016-01-20,198.7,571.77,169.8894
2016-01-21,199.97,575.02,170.8411
2016-01-22,202.55,596.38,174.346
2016-01-25,196.38,596.53,171.7105
2016-01-26,193.56,601.25,174.0531
2016-01-27,188.07,583.35,172.1589
2016-01-28,189.7,635.35,173.0557
2016-01-29,191.2,587.0,177.275
2016-02-01,196.94,574.81,177.2103
2016-02-02,182.78,552.1,174.0165
2016-02-03,173.48,531.07,175.0598
2016-02-04,175.33,536.26,175.3343
2016-02-05,162.6,502.13,171.9941
2016-02-08,147.99,488.1,169.6789
2016-02-09,148.25,482.07,169.6881
2016-02-10,143.67,490.48,169.5417
2016-02-11,150.47,503.82,167.3363
2016-02-12,151.04,507.08,170.7862
2016-02-16,155.17,521.1,173.6688
2016-02-17,168.68,534.1,176.5056
2016-02-18,166.77,525.0,175.7827
2016-02-19,166.58,534.9,175.7003
2016-02-22,177.74,559.5,178.2443
2016-02-23,177.21,552.94,175.9932
2016-02-24,179.0,554.04,176.7985
2016-02-25,187.43,555.15,178.9398
2016-02-26,190.34,555.23,178.5273
2016-02-29,191.93,552.52,177.1279
2016-03-01,186.35,579.04,181.2916
2016-03-02,188.34,580.21,182.1061
2016-03-03,195.74,577.49,182.8153
2016-03-04,201.04,575.14,183.4147
2016-03-07,205.29,562.8,183.5611
2016-03-08,202.6,560.26,181.557
2016-03-09,208.72,559.47,182.4538
2016-03-10,205.18,558.93,182.6002
2016-03-11,207.5,569.61,185.5469
2016-03-14,215.15,573.37,185.3089
2016-03-15,218.34,577.02,185.007
2016-03-16,221.93,574.27,186.0776
2016-03-17,226.38,559.44,187.2581
2016-03-18,232.74,552.08,187.9898
2016-03-21,238.32,553.98,188.2566
2016-03-22,234.24,560.48,188.1554
2016-03-23,222.58,569.63,186.9129
2016-03-24,227.75,582.95,186.8309
2016-03-28,230.26,579.87,186.9413
2016-03-29,230.13,593.86,188.6712
2016-03-30,226.89,598.69,189.4983
2016-03-31,229.77,593.64,189.0384
2016-04-01,237.59,598.5,190.3261
2016-04-04,246.99,593.19,189.7099
2016-04-05,255.47,586.14,187.8143
2016-04-06,265.42,602.08,189.8662
2016-04-07,257.2,591.43,187.5943
2016-04-08,250.07,594.6,188.0995
2016-04-11,249.92,595.93,187.6588
2016-04-12,247.82,603.17,189.4063
2016-04-13,254.53,614.82,191.3203
2016-04-14,251.86,620.75,191.3287
2016-04-15,254.51,625.89,191.1172
2016-04-18,253.88,635.35,192.4594
2016-04-19,247.37,627.9,193.0672
2016-04-20,249.97,632.99,193.2511
2016-04-21,248.29,631.0,192.2117
2016-04-22,253.75,620.5,192.2117
2016-04-25,251.82,626.2,191.8806
2016-04-26,253.74,616.88,192.165
2016-04-27,251.47,606.57,192.5613
2016-04-28,247.71,602.0,190.8113
2016-04-29,240.76,659.59,189.7842
2016-05-02,241.8,683.85,191.2919
2016-05-03,232.32,671.32,189.6264
2016-05-04,222.56,670.9,188.5693
2016-05-05,211.53,659.09,188.5325
2016-05-06,214.93,673.95,189.2224
2016-05-09,208.92,679.75,189.378
2016-05-10,208.69,703.07,191.7334
2016-05-11,208.96,713.23,189.9398
2016-05-12,207.28,717.93,189.995
2016-05-13,207.61,709.92,188.3394
2016-05-16,208.29,710.66,190.1974
2016-05-17,204.66,695.27,188.4229
2016-05-18,211.17,697.45,188.4773
2016-05-19,215.21,698.52,187.8243
2016-05-20,220.28,702.8,189.0108
2016-05-23,216.22,696.75,188.7533
2016-05-24,217.91,704.2,191.2
2016-05-25,219.58,708.35,192.4969
2016-05-26,225.12,714.91,192.5521
2016-05-27,223.04,712.24,193.3799
2016-05-31,223.23,722.79,193.012
2016-06-01,219.56,719.44,193.4075
2016-06-02,218.96,728.24,193.9962
2016-06-03,218.99,725.54,193.4167
2016-06-06,220.68,726.73,194.4009
2016-06-07,232.34,723.74,194.7044
2016-06-08,235.52,726.64,195.3391
2016-06-09,229.36,727.65,195.0723
2016-06-10,218.79,717.91,193.2235
2016-06-13,217.87,715.24,191.7327
2016-06-14,214.96,719.3,191.3563
2016-06-15,217.7,714.26,191.0896
2016-06-16,217.93,717.51,191.6599
2016-06-17,215.47,706.39,190.9502
2016-06-20,219.7,714.01,192.1799
2016-06-21,219.61,715.82,192.7254
2016-06-22,196.66,710.6,192.4111
2016-06-23,196.4,722.08,194.9167
2016-06-24,193.15,698.96,187.8158
2016-06-27,198.55,691.36,184.5519
2016-06-28,201.79,707.95,187.8802
2016-06-29,210.19,715.6,191.0796
2016-06-30,212.28,715.62,193.6824
2016-07-01,216.5,725.68,194.0946
2016-07-05,213.98,728.1,192.6977
2016-07-06,214.44,737.61,193.8534
2016-07-07,215.94,736.57,193.7295
2016-07-08,216.78,745.81,196.618
2016-07-11,224.78,753.78,197.3115
2016-07-12,224.65,748.21,198.7446
2016-07-13,222.53,742.63,198.7169
2016-07-14,221.53,741.2,199.8264
2016-07-15,220.4,735.44,199.5583
2016-07-18,226.25,736.07,200.0938
2016-07-19,225.26,739.95,199.8911
2016-07-20,228.36,745.72,200.7187
2016-07-21,220.5,744.43,199.9605
2016-07-22,222.27,744.86,200.862
2016-07-25,230.01,739.61,200.3165
2016-07-26,229.51,735.59,200.4089
2016-07-27,228.49,736.67,200.1963
2016-07-28,230.61,752.61,200.4274
2016-07-29,234.79,758.81,200.751
2016-08-01,230.01,767.74,200.5846
2016-08-02,227.2,760.58,199.2987
2016-08-03,225.79,754.64,199.8819
2016-08-04,230.61,760.77,200.0943
2016-08-05,230.03,765.98,201.7311
2016-08-08,226.16,766.56,201.6109
2016-08-09,229.08,768.31,201.7311
2016-08-10,225.65,768.56,201.2318
2016-08-11,224.91,771.24,202.1657
2016-08-12,225.61,772.56,201.99
2016-08-15,225.59,768.49,202.5725
2016-08-16,223.61,764.04,201.5277
2016-08-17,223.24,764.63,201.9068
2016-08-18,223.51,764.46,202.3598
2016-08-19,225.0,757.31,202.064
2016-08-22,222.93,759.48,202.0547
2016-08-23,224.84,762.45,202.4616
2016-08-24,222.62,757.25,201.426
2016-08-25,220.96,759.22,201.2873
2016-08-26,219.99,769.0,200.9082
2016-08-29,215.2,771.29,201.8983
2016-08-30,211.34,767.58,201.5647
2016-08-31,212.01,769.16,200.9914
2016-09-01,200.77,770.62,201.0007
2016-09-02,197.78,772.44,201.9068
2016-09-06,202.83,788.87,202.5178
2016-09-07,201.71,784.48,202.4985
2016-09-08,197.36,784.06,202.0362
2016-09-09,194.47,760.14,197.2005
2016-09-12,198.3,771.49,200.0298
2016-09-13,196.05,761.01,197.1543
2016-09-14,196.41,761.09,197.0803
2016-09-15,200.42,769.69,199.0497
2016-09-16,205.4,778.52,198.2842
2016-09-19,206.34,775.1,198.3214
2016-09-20,204.64,780.22,198.3307
2016-09-21,205.22,789.74,200.561
2016-09-22,206.43,804.7,201.8249
2016-09-23,207.45,805.75,200.719
2016-09-26,208.99,799.16,199.0927
2016-09-27,205.81,816.11,200.3287
2016-09-28,206.27,828.72,201.323
2016-09-29,200.7,829.05,199.5016
2016-09-30,204.03,837.31,201.0071
2016-10-03,213.7,836.74,200.5238
2016-10-04,211.41,834.03,199.5016
2016-10-05,208.46,844.36,200.3844
2016-10-06,201.0,841.66,200.5238
2016-10-07,196.61,839.43,199.8362
2016-10-10,200.95,841.71,200.877
2016-10-11,200.1,831.0,198.34
2016-10-12,201.51,834.09,198.6002
2016-10-13,200.24,829.28,197.9497
2016-10-14,196.51,822.96,198.0519
2016-10-17,193.96,812.95,197.3642
2016-10-18,199.1,817.65,198.6002
2016-10-19,203.56,817.69,199.1299
2016-10-20,199.1,810.32,198.7582
2016-10-21,200.09,818.99,198.8511
2016-10-24,202.76,838.09,199.6968
2016-10-25,202.34,835.18,199.0277
2016-10-26,202.24,822.59,198.6281
2016-10-27,204.01,818.36,198.0984
2016-10-28,199.97,776.32,197.5129
2016-10-31,197.73,789.82,197.5222
2016-11-01,190.79,785.41,196.0911
2016-11-02,188.02,765.56,194.9109
2016-11-03,187.42,767.03,194.0188
2016-11-04,190.56,755.05,193.805
2016-11-07,193.21,784.93,198.0798
2016-11-08,194.94,787.75,198.9719
2016-11-09,190.06,771.88,201.0807
2016-11-10,185.35,742.38,201.5832
2016-11-11,188.56,739.01,201.1186
2016-11-14,181.45,719.07,201.2766
2016-11-15,183.77,743.24,202.8471
2016-11-16,183.93,746.49,202.4661
2016-11-17,188.66,756.4,203.5069
2016-11-18,185.02,760.16,203.0515
2016-11-21,184.52,780.0,204.5849
2016-11-22,191.17,785.33,204.9845
2016-11-23,193.14,780.12,205.096
2016-11-25,196.65,780.37,205.858
2016-11-28,196.12,766.77,204.8915
2016-11-29,189.57,762.52,205.2911
2016-11-30,189.4,750.57,204.7986
2016-12-01,181.88,743.65,204.0459
2016-12-02,181.47,740.34,204.1481
2016-12-05,186.8,759.36,205.3748
2016-12-06,185.85,764.72,206.0253
2016-12-07,193.15,770.42,208.7202
2016-12-08,192.29,767.33,209.2314
2016-12-09,192.18,768.66,210.4952
2016-12-12,192.43,760.12,210.2536
2016-12-13,198.15,774.34,211.6568
2016-12-14,198.69,768.82,209.9097
2016-12-15,197.58,761.0,210.774
2016-12-16,202.49,757.77,210.3641
2016-12-19,202.73,766.0,210.8222
2016-12-20,208.79,771.22,211.6354
2016-12-21,207.7,770.6,211.0465
2016-12-22,208.45,766.34,210.6819
2016-12-23,213.34,760.59,210.9904
2016-12-27,219.53,771.4,211.5139
2016-12-28,219.74,772.13,209.7658
2016-12-29,214.68,765.15,209.7191
2016-12-30,213.69,749.87,208.9526
2017-01-03,216.99,753.67,210.5511
2017-01-04,226.99,757.18,211.8037
2017-01-05,226.75,780.45,211.6354
2017-01-06,229.01,795.99,212.3926
2017-01-09,231.28,796.92,211.6915
2017-01-10,229.87,795.9,211.6915
2017-01-11,229.73,799.02,212.2898
2017-01-12,229.59,813.64,211.7569
2017-01-13,237.75,817.14,212.243
2017-01-17,235.58,809.72,211.4952
2017-01-18,238.36,807.48,211.9626
2017-01-19,243.76,809.04,211.1774
2017-01-20,244.73,808.33,211.9532
2017-01-23,248.92,817.88,211.4017
2017-01-24,254.61,822.44,212.7572
2017-01-25,254.47,836.52,214.5987
2017-01-26,252.51,839.15,214.3743
2017-01-27,252.95,835.77,214.0378
2017-01-30,250.63,830.38,212.7104
2017-01-31,251.93,823.48,212.6917
2017-02-01,249.24,832.35,212.7759
2017-02-02,251.55,839.95,212.9161
2017-02-03,251.33,810.2,214.3837
2017-02-06,257.77,807.64,214.0004
2017-02-07,257.48,812.5,214.0098
2017-02-08,262.08,819.71,214.2902
2017-02-09,269.2,821.36,215.5615
2017-02-10,269.23,827.46,216.4122
2017-02-13,280.6,836.53,217.59
2017-02-14,280.98,836.39,218.4594
2017-02-15,279.76,842.7,219.5998
2017-02-16,268.95,844.14,219.4128
2017-02-17,272.23,845.07,219.7587
2017-02-21,277.39,856.44,221.0674
2017-02-22,273.51,855.61,220.8711
2017-02-23,255.99,852.19,221.0207
2017-02-24,257.0,845.24,221.3011
2017-02-27,246.23,848.64,221.647
2017-02-28,249.99,845.04,221.0487
2017-03-01,250.02,853.08,224.1428
2017-03-02,250.48,848.91,222.7313
2017-03-03,251.57,849.88,222.8715
2017-03-06,251.21,846.61,222.2078
2017-03-07,248.59,846.02,221.5441
2017-03-08,246.87,850.5,221.1328
2017-03-09,244.9,853.0,221.4133
2017-03-10,243.69,852.46,222.1891
2017-03-13,246.17,854.59,222.3013
2017-03-14,258.0,852.53,221.4507
2017-03-15,255.73,852.97,223.367
2017-03-16,262.05,853.42,222.9276
2017-03-17,261.5,852.31,222.5379
2017-03-20,261.92,856.97,222.2938
2017-03-21,250.68,843.2,219.4397
2017-03-22,255.01,848.06,219.9561
2017-03-23,254.78,847.38,219.7213
2017-03-24,263.16,845.61,219.5617
2017-03-27,270.22,846.82,219.3364
2017-03-28,277.45,856.0,220.9325
2017-03-29,277.38,874.32,221.139
2017-03-30,277.92,876.34,221.8432
2017-03-31,278.3,886.54,221.3268
2017-04-03,298.52,891.51,220.9419
2017-04-04,303.7,906.83,221.0827
2017-04-05,295.0,909.28,220.4255
2017-04-06,298.7,898.28,221.0451
2017-04-07,302.54,894.88,220.8198
2017-04-10,312.39,907.04,220.9513
2017-04-11,308.71,902.36,220.6884
2017-04-12,296.84,896.23,219.7213
2017-04-13,304.0,884.67,218.2943
2017-04-17,301.44,901.99,220.2283
2017-04-18,300.25,903.78,219.5711
2017-04-19,305.52,899.2,219.1674
2017-04-20,302.51,902.06,220.9513
2017-04-21,305.6,898.53,220.2471
2017-04-24,308.03,907.41,222.6694
2017-04-25,313.79,907.62,223.965
2017-04-26,310.17,909.29,223.8242
2017-04-27,308.63,918.38,224.0119
2017-04-28,314.07,924.99,223.5237
2017-05-01,322.83,948.23,224.087
2017-05-02,318.89,946.94,224.1715
2017-05-03,311.02,941.03,223.8993
2017-05-04,295.46,937.53,224.1622
2017-05-05,308.35,934.15,225.0447
2017-05-08,307.19,949.04,225.0071
2017-05-09,321.26,952.82,224.8006
2017-05-10,325.22,948.95,225.2043
2017-05-11,323.1,947.62,224.7442
2017-05-12,324.81,961.35,224.3687
2017-05-15,315.88,957.97,225.608
2017-05-16,317.01,966.07,225.4015
2017-05-17,306.11,944.76,221.4019
2017-05-18,313.06,958.49,222.2938
2017-05-19,310.83,959.84,223.7397
2017-05-22,310.35,970.67,224.8757
2017-05-23,303.86,971.54,225.3733
2017-05-24,310.22,980.35,225.899
2017-05-25,316.83,993.38,226.9787
2017-05-26,325.14,995.78,226.9318
2017-05-30,335.1,996.7,226.7346
2017-05-31,341.01,994.62,226.6783
2017-06-01,340.37,995.95,228.4809
2017-06-02,339.85,1006.73,229.2414
2017-06-05,347.32,1011.34,229.0724
2017-06-06,352.85,1003.0,228.3401
2017-06-07,359.65,1010.07,228.7626
2017-06-08,370.0,1010.27,228.8752
2017-06-09,357.32,978.31,228.5279
2017-06-12,359.01,964.91,228.4809
2017-06-13,375.95,980.79,229.5982
2017-06-14,380.66,976.47,229.3071
2017-06-15,375.34,964.17,228.8658
2017-06-16,371.4,987.71,228.9157
2017-06-19,369.8,995.17,230.8214
2017-06-20,372.24,992.59,229.2648
2017-06-21,376.4,1002.23,229.2082
2017-06-22,382.61,1001.3,229.1044
2017-06-23,383.45,1003.74,229.378
2017-06-26,377.49,993.98,229.5289
2017-06-27,362.37,976.78,227.6798
2017-06-28,371.24,990.33,229.7176
2017-06-29,360.75,975.93,227.6987
2017-06-30,361.61,968.0,228.1232
2017-07-03,352.62,953.66,228.51
2017-07-05,327.09,971.4,229.0384
2017-07-06,308.83,965.14,226.9439
2017-07-07,313.22,978.76,228.4157
2017-07-10,316.05,996.47,228.661
2017-07-11,327.22,994.13,228.4912
2017-07-12,329.52,1006.51,230.2082
2017-07-13,323.41,1000.63,230.595
2017-07-14,327.78,1001.81,231.6705
2017-07-17,319.57,1010.04,231.6422
2017-07-18,328.24,1024.45,231.7649
2017-07-19,325.26,1026.87,233.0197
2017-07-20,329.92,1028.7,233.1234
2017-07-21,328.4,1025.67,232.9159
2017-07-24,342.52,1038.95,232.8593
2017-07-25,339.6,1039.87,233.4253
2017-07-26,343.85,1052.8,233.4348
2017-07-27,334.46,1046.0,233.2178
2017-07-28,335.07,1020.04,232.9442
2017-07-31,323.47,987.78,232.8121
2017-08-01,319.57,992.27,233.331
2017-08-02,325.89,995.89,233.4442
2017-08-03,347.09,986.92,232.9914
2017-08-04,356.91,987.58,233.4159
2017-08-07,355.17,992.27,233.8499
2017-08-08,365.22,989.84,233.2744
2017-08-09,363.53,982.01,233.265
2017-08-10,355.4,956.92,229.9724
2017-08-11,357.87,967.99,230.312
2017-08-14,363.8,983.3,232.5951
2017-08-15,362.33,982.74,232.5668
2017-08-16,362.91,978.18,232.9725
2017-08-17,351.92,960.57,229.3403
2017-08-18,347.46,958.47,228.9817
2017-08-21,337.86,953.29,229.161
2017-08-22,341.35,966.9,231.5573
2017-08-23,352.77,958.0,230.7271
2017-08-24,352.93,952.45,230.1893
2017-08-25,348.05,945.26,230.7271
2017-08-28,345.66,946.02,230.7365
2017-08-29,347.36,954.06,231.0007
2017-08-30,353.18,967.59,232.0951
2017-08-31,355.9,980.6,233.4914
2017-09-01,355.4,978.25,233.8216
2017-09-05,349.59,965.27,232.1423
2017-09-06,344.53,967.8,232.9347
2017-09-07,350.61,979.47,232.9064
2017-09-08,343.4,965.9,232.6328
2017-09-11,363.69,977.96,235.1141
2017-09-12,362.75,982.58,235.9066
2017-09-13,366.23,999.6,236.0198
2017-09-14,377.64,992.21,235.9443
2017-09-15,379.81,986.79,236.26
2017-09-18,385.0,974.19,236.7625
2017-09-19,375.1,969.86,236.9995
2017-09-20,373.91,973.21,237.0848
2017-09-21,366.48,964.65,236.4496
2017-09-22,351.09,955.1,236.497
2017-09-25,344.99,939.79,236.0135
2017-09-26,345.25,938.6,236.1557
2017-09-27,340.97,950.87,237.0753
2017-09-28,339.6,956.4,237.3598
2017-09-29,341.1,961.35,238.1941
2017-10-02,341.53,959.19,239.2276
2017-10-03,348.14,957.1,239.7395
2017-10-04,355.01,965.45,240.024
2017-10-05,355.33,980.85,241.4461
2017-10-06,356.88,989.58,241.1712
2017-10-09,342.94,990.99,240.773
2017-10-10,355.59,987.2,241.4082
2017-10-11,354.6,995.0,241.7875
2017-10-12,355.68,1000.93,241.4272
2017-10-13,355.57,1002.94,241.7211
2017-10-16,350.6,1006.34,242.0434
2017-10-17,355.75,1009.13,242.2141
2017-10-18,359.65,997.0,242.4511
2017-10-19,351.81,986.61,242.5175
2017-10-20,345.1,982.91,243.769
2017-10-23,337.02,966.3,242.8209
2017-10-24,337.34,975.9,243.2475
2017-10-25,325.84,972.91,242.0434
2017-10-26,326.17,972.43,242.3563
2017-10-27,320.87,1100.95,244.3379
2017-10-30,320.08,1110.85,243.4277
2017-10-31,331.53,1105.28,243.8069
2017-11-01,321.08,1103.68,244.1293
2017-11-02,299.26,1094.22,244.2241
2017-11-03,306.09,1111.6,245.0395
2017-11-06,302.78,1120.66,245.4187
2017-11-07,306.05,1123.17,245.2481
2017-11-08,304.39,1132.88,245.6652
2017-11-09,302.99,1129.13,244.774
2017-11-10,302.99,1125.35,244.6982
2017-11-13,315.4,1129.17,244.9257
2017-11-14,308.7,1136.84,244.3568
2017-11-15,311.3,1126.69,243.1338
2017-11-16,312.5,1137.29,245.2007
2017-11-17,315.05,1129.88,244.4801
2017-11-20,308.74,1126.31,244.8973
2017-11-21,317.81,1139.49,246.4996
2017-11-22,312.6,1156.16,246.2815
2017-11-24,315.55,1186.0,246.8504
2017-11-27,316.81,1195.83,246.7271
2017-11-28,317.55,1193.6,249.2301
2017-11-29,307.54,1161.27,249.0784
2017-11-30,308.85,1176.75,251.2591
2017-12-01,306.53,1162.35,250.7376
2017-12-04,305.2,1133.95,250.4342
2017-12-05,303.7,1141.57,249.5335
2017-12-06,313.26,1152.35,249.5809
2017-12-07,311.24,1159.79,250.3679
2017-12-08,315.13,1162.0,251.7331
2017-12-11,328.91,1168.92,252.4916
2017-12-12,341.03,1165.08,252.9373
2017-12-13,339.03,1164.13,252.9088
2017-12-14,337.89,1174.26,251.8754
2017-12-15,343.45,1179.14,253.9625
2017-12-18,338.87,1190.58,255.5729
2017-12-19,331.1,1187.38,254.5914
2017-12-20,328.98,1177.62,254.458
2017-12-21,331.66,1174.76,254.9821
2017-12-22,325.2,1168.36,254.9154
2017-12-26,317.29,1176.76,254.6105
2017-12-27,311.64,1182.26,254.7343
2017-12-28,315.36,1186.1,255.2584
2017-12-29,311.35,1169.47,254.296
2018-01-02,320.53,1189.01,256.1161
2018-01-03,317.25,1204.2,257.736
2018-01-04,314.62,1209.59,258.8224
2018-01-05,316.58,1229.14,260.5471
2018-01-08,336.41,1246.87,261.0236
2018-01-09,333.69,1252.7,261.6144
2018-01-10,334.8,1254.33,261.2142
2018-01-11,337.95,1276.68,263.12
2018-01-12,336.22,1305.2,264.8353
2018-01-16,340.06,1304.86,263.93
2018-01-17,347.16,1295.0,266.4457
2018-01-18,344.57,1293.32,265.9978
2018-01-19,350.02,1294.58,267.2081
2018-01-22,351.56,1327.31,269.3807
2018-01-23,352.79,1362.54,269.9525
2018-01-24,345.89,1357.51,269.8476
2018-01-25,337.64,1377.95,269.962
2018-01-26,342.85,1402.05,273.0876
2018-01-29,349.53,1417.68,271.277
2018-01-30,345.82,1437.82,268.4945
2018-01-31,354.31,1450.89,268.6279
2018-02-01,349.25,1390.0,268.323
2018-02-02,343.75,1429.95,262.4816
2018-02-05,333.13,1390.0,251.5039
2018-02-06,333.97,1442.84,256.4591
2018-02-07,345.0,1416.78,255.0679
2018-02-08,315.23,1350.5,245.5006
2018-02-09,310.42,1339.6,249.1884
2018-02-12,315.73,1386.23,252.8476
2018-02-13,323.66,1414.51,253.4765
2018-02-14,322.31,1451.05,256.8975
2018-02-15,334.065,1461.76,260.1755
2018-02-16,335.49,1448.69,260.2517
2018-02-20,334.77,1468.35,258.6222
2018-02-21,333.3,1482.92,257.3358
2018-02-22,346.17,1485.34,257.6693
2018-02-23,352.05,1500.0,261.7764
2018-02-26,357.42,1521.95,264.8162
2018-02-27,350.99,1511.98,261.5096
2018-02-28,343.06,1512.45,258.8605
2018-03-01,330.93,1493.45,255.0964
2018-03-02,335.12,1500.25,256.4115
2018-03-05,333.35,1523.61,259.3751
2018-03-06,328.2,1537.64,260.0326
2018-03-07,332.3,1545.0,259.9373
2018-03-08,329.1,1551.86,261.1951
2018-03-09,327.17,1578.89,265.7406
2018-03-12,345.51,1598.39,265.407
2018-03-13,341.84,1588.18,263.6918
2018-03-14,326.63,1591.0,262.3386
2018-03-15,325.6,1582.32,262.0528
2018-03-16,321.35,1571.68,262.3356
2018-03-19,313.56,1544.93,258.7861
2018-03-20,310.55,1586.51,259.2262
2018-03-21,316.53,1581.86,258.7287
2018-03-22,309.1,1544.92,252.2612
2018-03-23,301.54,1495.56,246.8844
2018-03-26,304.18,1555.86,253.6389
2018-03-27,279.18,1497.05,249.324
2018-03-28,257.78,1431.42,248.5873
2018-03-29,266.13,1447.34,251.7637
2018-04-02,252.48,1371.99,246.3295
2018-04-03,267.53,1392.05,249.4867
2018-04-04,286.94,1410.57,252.156
2018-04-05,305.72,1451.75,254.146
2018-04-06,299.3,1405.23,248.4821
2018-04-09,289.66,1406.08,249.7067
2018-04-10,304.7,1436.22,253.6772
2018-04-11,300.93,1427.05,252.3473
2018-04-12,294.08,1448.5,254.4234
2018-04-13,300.34,1430.79,253.6772
2018-04-16,291.21,1441.5,255.7628
2018-04-17,287.69,1503.83,258.4991
2018-04-18,293.35,1527.84,258.6904
2018-04-19,300.08,1556.91,257.2553
2018-04-20,290.24,1527.49,255.074
2018-04-23,283.37,1517.86,255.0357
2018-04-24,283.46,1460.09,251.601
2018-04-25,280.69,1460.17,252.2229
2018-04-26,285.48,1517.96,254.787
2018-04-27,294.075,1572.62,255.0261
2018-04-30,293.9,1566.13,253.0648
2018-05-01,299.92,1582.26,253.5145
2018-05-02,301.15,1569.68,251.8115
2018-05-03,284.45,1572.08,251.2566
2018-05-04,294.09,1580.95,254.5095
2018-05-07,302.77,1600.14,255.3706
2018-05-08,301.97,1592.39,255.3706
2018-05-09,306.85,1608.0,257.8389
2018-05-10,305.02,1609.08,260.2499
2018-05-11,301.06,1602.91,261.044
2018-05-14,291.97,1601.54,261.1684
2018-05-15,284.18,1576.12,259.3697
2018-05-16,286.48,1587.28,260.4604
2018-05-17,284.54,1581.76,260.2403
2018-05-18,276.82,1574.37,259.5897
2018-05-21,284.49,1585.46,261.5415
2018-05-22,275.01,1581.4,260.8144
2018-05-23,279.07,1601.86,261.5319
2018-05-24,277.85,1603.07,260.9961
2018-05-25,278.85,1610.15,260.3743
2018-05-29,283.76,1612.87,257.3797
2018-05-30,291.72,1624.89,260.8144
2018-05-31,284.73,1629.62,259.2166
2018-06-01,291.82,1641.54,261.7615
2018-06-04,296.74,1665.27,263.0053
2018-06-05,291.13,1696.35,263.1966
2018-06-06,319.5,1695.75,265.3971
2018-06-07,316.09,1689.3,265.3684
2018-06-08,317.66,1683.99,266.1529
2018-06-11,332.1,1689.12,266.5069
2018-06-12,342.77,1698.75,266.8513
2018-06-13,344.78,1704.86,265.9998
2018-06-14,357.72,1723.86,266.6696
2018-06-15,358.17,1715.97,266.3305
2018-06-18,370.83,1723.79,265.7827
2018-06-19,352.55,1734.78,264.764
2018-06-20,362.22,1750.08,265.2157
2018-06-21,347.51,1730.22,263.5531
2018-06-22,333.63,1715.67,264.0336
2018-06-25,333.01,1663.15,260.4394
2018-06-26,342.0,1691.09,261.016
2018-06-27,344.5,1660.51,258.8537
2018-06-28,349.93,1701.45,260.3337
2018-06-29,342.95,1699.8,260.7085
2018-07-02,335.07,1713.78,261.2659
2018-07-03,310.86,1693.96,260.3433
2018-07-05,309.16,1699.73,262.4671
2018-07-06,308.9,1710.63,264.6871
2018-07-09,318.51,1739.02,267.0705
2018-07-10,322.47,1743.07,268.0315
2018-07-11,318.96,1755.0,266.071
2018-07-12,316.71,1796.62,268.4832
2018-07-13,318.87,1813.03,268.6946
2018-07-16,310.1,1822.49,268.4544
2018-07-17,322.69,1843.93,269.5403
2018-07-18,323.85,1842.92,270.1073
2018-07-19,320.23,1812.97,269.0886
2018-07-20,313.58,1813.7,268.7811
2018-07-23,303.2,1802.0,269.2809
2018-07-24,297.43,1829.24,270.6359
2018-07-25,308.74,1863.61,272.9424
2018-07-26,306.65,1808.0,272.2985
2018-07-27,297.18,1817.27,270.4533
2018-07-30,290.17,1779.22,269.0406
2018-07-31,298.14,1777.44,270.3668
2018-08-01,300.84,1797.17,269.9151
2018-08-02,349.54,1834.33,271.3855
2018-08-03,348.17,1823.29,272.5484
2018-08-06,341.99,1847.75,273.5478
2018-08-07,379.57,1862.48,274.4512
2018-08-08,370.34,1886.52,274.3359
2018-08-09,352.45,1898.52,273.9611
2018-08-10,355.49,1886.3,272.1255
2018-08-13,356.41,1896.2,271.1068
2018-08-14,347.64,1919.65,272.8367
2018-08-15,338.69,1882.62,270.7993
2018-08-16,335.45,1886.52,272.9904
2018-08-17,305.5,1882.22,273.9515
2018-08-20,308.44,1876.71,274.5377
2018-08-21,321.9,1883.42,275.1816
2018-08-22,321.64,1904.9,275.0182
2018-08-23,320.1,1902.9,274.653
2018-08-24,322.82,1905.39,276.306
2018-08-27,319.27,1927.68,278.4875
2018-08-28,311.86,1932.82,278.6221
2018-08-29,305.01,1998.1,280.1213
2018-08-30,303.15,2002.38,278.9873
2018-08-31,301.66,2012.71,278.9969
2018-09-04,288.95,2039.51,278.5164
2018-09-05,280.74,1994.82,277.7668
2018-09-06,280.95,1958.31,276.9307
2018-09-07,263.24,1952.07,276.3925
2018-09-10,285.5,1939.01,276.873
2018-09-11,279.44,1987.15,277.786
2018-09-12,290.54,1990.0,277.8533
2018-09-13,289.46,1989.87,279.4966
2018-09-14,295.2,1970.19,279.5447
2018-09-17,294.84,1908.03,278.0647
2018-09-18,284.96,1941.05,279.5735
2018-09-19,299.02,1926.42,279.8714
2018-09-20,298.33,1944.3,282.1394
2018-09-21,299.1,1915.01,281.8825
2018-09-24,299.68,1934.36,280.946
2018-09-25,300.99,1974.55,280.6854
2018-09-26,309.58,1974.85,279.8455
2018-09-27,307.52,2012.98,280.6275
2018-09-28,264.77,2003.0,280.6564
2018-10-01,310.7,2004.36,281.6315
2018-10-02,301.02,1971.31,281.4674
2018-10-03,294.8,1952.76,281.6218
2018-10-04,281.83,1909.42,279.4207
2018-10-05,261.95,1889.65,277.8568
2018-10-08,250.56,1864.42,277.8568
2018-10-09,262.8,1870.32,277.4514
2018-10-10,256.88,1755.25,268.6664
2018-10-11,252.23,1719.36,262.7486
2018-10-12,258.78,1788.61,266.3977
2018-10-15,259.59,1760.95,264.9014
2018-10-16,276.59,1819.96,270.6937
2018-10-17,271.78,1831.73,270.7419
2018-10-18,263.91,1770.72,266.8321
2018-10-19,260.0,1764.03,266.6873
2018-10-22,260.95,1789.3,265.4902
2018-10-23,294.14,1768.7,264.1387
2018-10-24,288.5,1664.2,256.1357
2018-10-25,314.86,1782.17,260.7309
2018-10-26,330.9,1642.81,256.1453
2018-10-29,334.85,1538.88,254.7262
2018-10-30,329.9,1530.42,258.5009
2018-10-31,337.32,1598.01,261.2619
2018-11-01,344.28,1665.53,264.0422
2018-11-02,346.41,1665.53,262.4783
2018-11-05,341.4,1627.8,263.9263
2018-11-06,341.06,1642.81,265.5964
2018-11-07,348.16,1755.49,271.2826
2018-11-08,351.4,1754.91,270.7902
2018-11-09,350.51,1712.43,268.1451
2018-11-12,331.28,1636.85,263.1347
2018-11-13,338.73,1631.17,262.6424
2018-11-14,344.0,1599.01,260.8468
2018-11-15,348.44,1619.44,263.5691
2018-11-16,354.31,1593.41,264.2546
2018-11-19,353.47,1512.29,259.7848
2018-11-20,347.49,1495.46,254.9772
2018-11-21,338.19,1516.73,255.8461
2018-11-23,325.83,1502.06,254.1373
2018-11-26,346.0,1581.33,258.2402
2018-11-27,343.92,1581.42,259.1091
2018-11-28,347.87,1677.75,265.0751
2018-11-29,341.17,1673.57,264.4959
2018-11-30,350.48,1690.17,266.1081
2018-12-03,358.49,1772.36,269.6317
2018-12-04,359.7,1668.4,260.895
2018-12-06,363.06,1699.19,260.4992
2018-12-07,357.965,1629.13,254.4463
2018-12-10,365.15,1641.03,254.9289
2018-12-11,366.76,1643.24,254.9869
2018-12-12,366.6,1663.54,256.2708
2018-12-13,376.79,1658.38,256.1839
2018-12-14,365.71,1591.91,251.4536
2018-12-17,348.42,1520.91,246.5205
2018-12-18,337.03,1551.48,246.2501
2018-12-19,332.97,1495.08,242.5624
2018-12-20,315.38,1460.83,238.614
2018-12-21,319.77,1377.45,233.7536
2018-12-24,295.39,1343.96,227.5772
2018-12-26,326.09,1470.9,239.0755
2018-12-27,316.13,1461.64,240.9109
2018-12-28,333.87,1478.02,240.6002
2018-12-31,332.8,1501.97,242.7076
2019-01-02,310.12,1539.13,242.9601
2019-01-03,300.36,1500.28,237.1623
2019-01-04,317.69,1575.39,245.1063
2019-01-07,334.96,1629.51,247.0388
2019-01-08,335.35,1656.58,249.3599
2019-01-09,338.53,1659.42,250.5252
2019-01-10,344.97,1656.22,251.409
2019-01-11,347.26,1640.56,251.5061
2019-01-14,334.4,1617.21,249.9717
2019-01-15,344.43,1674.56,252.8366
2019-01-16,346.05,1683.78,253.4484
2019-01-17,347.31,1693.22,255.3712
2019-01-18,302.26,1696.2,258.7702
2019-01-22,298.92,1632.17,255.2741
2019-01-23,287.59,1640.02,255.8082
2019-01-24,291.51,1654.93,255.9442
2019-01-25,297.04,1670.57,258.1099
2019-01-28,296.38,1637.89,256.1481
2019-01-29,297.46,1593.88,255.8082
2019-01-30,308.77,1670.43,259.8579
2019-01-31,307.02,1718.73,262.1401
2019-02-01,312.21,1626.23,262.2663
2019-02-04,312.89,1633.31,264.1115
2019-02-05,321.35,1658.81,265.2186
2019-02-06,317.22,1640.26,264.869
2019-02-07,307.51,1614.37,262.344
2019-02-08,305.8,1588.22,262.6645
2019-02-11,312.84,1591.0,262.8102
2019-02-12,311.81,1638.01,266.1897
2019-02-13,308.17,1640.0,267.0541
2019-02-14,303.77,1622.65,266.4617
2019-02-15,307.88,1607.95,269.3654
2019-02-19,305.64,1627.58,269.8315
2019-02-20,302.56,1622.1,270.3754
2019-02-21,291.23,1619.44,269.4139
2019-02-22,294.71,1631.56,271.0843
2019-02-25,298.77,1633.0,271.4533
2019-02-26,297.86,1636.4,271.2591
2019-02-27,314.74,1641.09,271.1426
2019-02-28,319.88,1639.83,270.6376
2019-03-01,294.79,1671.73,272.3274
2019-03-04,285.36,1696.17,271.3368
2019-03-05,276.54,1692.43,270.9678
2019-03-06,276.24,1668.95,269.3265
2019-03-07,276.59,1625.95,267.0735
2019-03-08,284.14,1620.8,266.5394
2019-03-11,290.92,1670.62,270.4045
2019-03-12,283.36,1673.1,271.4242
2019-03-13,288.96,1690.81,273.2208
2019-03-14,289.96,1686.22,273.046
2019-03-15,275.43,1712.36,274.3892
2019-03-18,269.49,1742.15,275.3841
2019-03-19,267.47,1761.85,275.4524
2019-03-20,273.6,1797.27,274.6233
2019-03-21,274.02,1819.26,277.725
2019-03-22,264.53,1764.77,272.3799
2019-03-25,260.42,1774.26,272.175
2019-03-26,267.77,1783.76,274.2039
2019-03-27,274.83,1765.7,272.77
2019-03-28,278.62,1773.42,273.8039
2019-03-29,279.86,1780.75,275.5304
2019-04-01,289.18,1814.19,278.798
2019-04-02,285.88,1813.98,278.9345
2019-04-03,291.81,1820.7,279.3735
2019-04-04,267.78,1818.86,280.1148
2019-04-05,274.96,1837.28,281.4706
2019-04-08,273.2,1849.86,281.6852
2019-04-09,272.31,1835.84,280.2416
2019-04-10,276.06,1847.33,281.1975
2019-04-11,268.42,1844.07,281.1194
2019-04-12,267.7,1843.06,283.0215
2019-04-15,266.38,1844.87,282.8361
2019-04-16,273.36,1863.04,283.0215
2019-04-17,271.23,1864.82,282.3289
2019-04-18,273.26,1861.69,282.8849
2019-04-22,262.75,1887.31,283.1288
2019-04-23,263.9,1923.77,285.6745
2019-04-24,258.66,1901.75,285.0405
2019-04-25,247.63,1902.25,284.865
2019-04-26,235.14,1950.63,286.1915
2019-04-29,241.47,1938.43,286.6402
2019-04-30,238.69,1926.52,286.7865
2019-05-01,234.01,1911.52,284.6309
2019-05-02,244.1,1900.82,284.0164
2019-05-03,255.03,1962.46,286.7962
2019-05-06,255.34,1950.55,285.616
2019-05-07,247.06,1921.0,280.8463
2019-05-08,244.84,1917.77,280.4562
2019-05-09,241.98,1899.87,279.6076
2019-05-10,239.52,1889.98,281.0121
2019-05-13,227.01,1822.68,273.9503
2019-05-14,232.31,1840.12,276.4278
2019-05-15,231.95,1871.15,278.0469
2019-05-16,228.33,1907.57,280.622
2019-05-17,211.03,1869.0,278.8077
2019-05-20,205.36,1858.97,276.9642
2019-05-21,205.08,1857.52,279.4613
2019-05-22,192.73,1859.68,278.6029
2019-05-23,195.49,1815.48,275.1988
2019-05-24,190.63,1823.28,275.823
2019-05-28,188.7,1836.43,273.2577
2019-05-29,189.86,1819.19,271.424
2019-05-30,188.22,1816.32,272.1653
2019-05-31,185.16,1775.07,268.4978
2019-06-03,178.97,1692.69,267.815
2019-06-04,193.6,1729.56,273.6284
2019-06-05,196.59,1738.5,275.9986
2019-06-06,205.95,1754.36,277.7933
2019-06-07,204.5,1804.03,280.5732
2019-06-10,212.88,1860.63,281.8607
2019-06-11,217.1,1863.7,281.7925
2019-06-12,209.26,1855.32,281.295
2019-06-13,213.91,1870.3,282.4557
2019-06-14,214.92,1869.67,282.1436
2019-06-17,225.03,1886.03,282.2509
2019-06-18,224.74,1901.37,285.2063
2019-06-19,226.43,1908.79,285.8501
2019-06-20,219.62,1918.19,288.5812
2019-06-21,221.86,1911.3,288.1634
2019-06-24,223.64,1913.9,287.8105
2019-06-25,219.76,1878.27,284.9877
2019-06-26,219.27,1897.83,284.7034
2019-06-27,222.84,1904.28,285.713
2019-06-28,223.46,1893.63,287.1832
2019-07-01,227.17,1922.19,289.7904
2019-07-02,224.55,1934.31,290.5451
2019-07-03,234.9,1939.0,292.8681
2019-07-05,233.1,1942.91,292.5348
2019-07-08,230.34,1952.32,290.9274
2019-07-09,230.06,1988.3,291.29
2019-07-10,238.92,2017.41,292.6818
2019-07-11,238.6,2001.07,293.3679
2019-07-12,245.08,2011.0,294.6813
2019-07-15,253.5,2020.99,294.7794
2019-07-16,252.38,2009.9,293.76
2019-07-17,254.86,1992.03,291.8291
2019-07-18,253.54,1977.9,292.8975
2019-07-19,258.18,1964.52,291.2704
2019-07-22,255.68,1985.63,291.9859
2019-07-23,260.17,1994.49,294.0737
2019-07-24,264.88,2000.81,295.4557
2019-07-25,228.82,1973.82,294.0443
2019-07-26,228.04,1943.05,296.0143
2019-07-29,235.77,1912.45,295.4753
2019-07-30,242.26,1898.53,294.75
2019-07-31,241.61,1866.78,291.5253
2019-08-01,233.85,1855.32,288.9867
2019-08-02,234.34,1823.24,286.8108
2019-08-05,228.32,1765.13,278.1855
2019-08-06,230.75,1787.83,282.0865
2019-08-07,233.42,1793.4,282.2531
2019-08-08,238.3,1832.89,287.7909
2019-08-09,235.01,1807.58,285.8306
2019-08-12,229.01,1784.92,282.3511
2019-08-13,235.0,1824.34,286.7422
2019-08-14,219.62,1762.96,278.2639
2019-08-15,215.64,1776.12,278.999
2019-08-16,219.94,1792.57,283.1156
2019-08-19,226.83,1816.12,286.5265
2019-08-20,225.86,1801.38,284.331
2019-08-21,220.83,1823.54,286.6441
2019-08-22,222.15,1805.6,286.5559
2019-08-23,211.4,1749.62,279.195
2019-08-26,215.0,1768.87,282.2825
2019-08-27,214.08,1761.83,281.1749
2019-08-28,215.59,1764.25,283.1548
2019-08-29,221.71,1786.4,286.7716
2019-08-30,225.61,1776.29,286.6468
2019-09-03,225.01,1789.84,284.9779
2019-09-04,220.68,1800.62,288.134
2019-09-05,229.58,1840.72,291.8389
2019-09-06,227.45,1833.51,292.133
2019-09-09,231.79,1831.35,292.28
2019-09-10,235.54,1820.55,292.2114
2019-09-11,247.1,1822.99,294.2893
2019-09-12,245.87,1843.55,295.3086
2019-09-13,245.2,1839.34,295.1126
2019-09-16,242.81,1807.84,294.2011
2019-09-17,244.79,1822.55,294.946
2019-09-18,243.49,1817.46,295.1224
2019-09-19,246.6,1821.5,295.1028
2019-09-20,240.62,1794.16,293.7145
2019-09-23,241.23,1785.3,293.6456
2019-09-24,223.21,1741.61,291.3414
2019-09-25,228.7,1768.33,293.0646
2019-09-26,242.56,1739.84,292.4541
2019-09-27,242.13,1725.45,290.8786
2019-09-30,240.87,1735.91,292.2277
2019-10-01,244.69,1735.65,288.7517
2019-10-02,243.13,1713.23,283.651
2019-10-03,233.03,1724.42,285.9749
2019-10-04,231.43,1739.65,289.8447
2019-10-07,237.72,1732.66,288.5941
2019-10-08,240.05,1705.51,284.1138
2019-10-09,244.53,1721.99,286.8118
2019-10-10,244.74,1720.26,288.7517
2019-10-11,247.89,1731.92,291.7452
2019-10-14,256.96,1736.43,291.4202
2019-10-15,257.89,1767.38,294.3054
2019-10-16,259.75,1777.43,293.8327
2019-10-17,261.97,1787.48,294.6992
2019-10-18,256.95,1757.51,293.4093
2019-10-21,253.5,1785.66,295.3984
2019-10-22,255.58,1765.73,294.4334
2019-10-23,254.68,1762.17,295.2901
2019-10-24,299.68,1780.78,295.7726
2019-10-25,328.13,1761.33,296.9837
2019-10-28,327.71,1777.08,298.6577
2019-10-29,316.22,1762.71,298.5691
2019-10-30,315.01,1779.99,299.4849
2019-10-31,314.92,1776.66,298.6873
2019-11-01,313.31,1791.44,301.4542
2019-11-04,317.47,1804.66,302.6654
2019-11-05,317.22,1801.71,302.3306
2019-11-06,326.58,1795.77,302.3995
2019-11-07,335.54,1788.2,303.463
2019-11-08,337.14,1785.88,304.2114
2019-11-11,345.09,1771.65,303.6304
2019-11-12,349.93,1778.0,304.2705
2019-11-13,346.11,1753.11,304.3689
2019-11-14,349.35,1754.6,304.812
2019-11-15,352.17,1739.49,307.0178
2019-11-18,349.99,1752.53,307.2442
2019-11-19,359.52,1752.79,307.1556
2019-11-20,352.22,1745.53,306.0134
2019-11-21,354.83,1734.71,305.521
2019-11-22,333.04,1745.72,306.2005
2019-11-25,336.34,1773.84,308.5736
2019-11-26,328.92,1796.94,309.2727
2019-11-27,331.29,1818.51,310.6513
2019-11-29,329.94,1800.8,309.4992
2019-12-02,334.87,1781.6,306.8701
2019-12-03,336.2,1769.96,304.812
2019-12-04,333.03,1760.69,306.6928
2019-12-05,330.37,1740.48,307.2442
2019-12-06,335.89,1751.6,310.0506
2019-12-09,339.53,1749.51,309.0758
2019-12-10,348.84,1739.21,308.7311
2019-12-11,352.7,1748.72,309.6075
2019-12-12,359.68,1760.33,312.276
2019-12-13,358.39,1760.94,312.4631
2019-12-16,381.5,1769.21,314.6098
2019-12-17,378.99,1790.66,314.6787
2019-12-18,393.15,1784.03,314.6984
2019-12-19,404.04,1792.28,315.9883
2019-12-20,405.59,1786.5,317.3669
2019-12-23,419.22,1793.0,317.8518
2019-12-24,425.25,1789.21,317.8617
2019-12-26,430.94,1868.77,319.5537
2019-12-27,430.38,1869.8,319.4746
2019-12-30,414.7,1846.89,317.7132
2019-12-31,418.33,1847.84,318.4851
2020-01-02,430.26,1898.01,321.4635
2020-01-03,443.01,1874.97,319.0293
2020-01-06,451.54,1902.88,320.2464
2020-01-07,469.06,1906.86,319.3459
2020-01-08,492.14,1891.97,321.0479
2020-01-09,481.34,1901.05,323.2248
2020-01-10,478.15,1883.16,322.2947
2020-01-13,524.86,1891.3,324.5112
2020-01-14,537.92,1869.44,324.0164
2020-01-15,518.5,1862.02,324.7487
2020-01-16,513.49,1877.94,327.45
2020-01-17,510.5,1864.72,328.4692
2020-01-21,547.2,1892.0,327.8261
2020-01-22,569.56,1887.46,327.8656
2020-01-23,572.2,1884.58,328.2417
2020-01-24,564.82,1861.64,325.3226
2020-01-27,558.02,1828.34,320.1079
2020-01-28,566.9,1853.25,323.4623
2020-01-29,580.99,1858.0,323.1951
2020-01-30,640.81,1870.68,324.244
2020-01-31,650.57,2008.72,318.3564
2020-02-03,780.0,2004.2,320.7214
2020-02-04,887.06,2049.67,325.6096
2020-02-05,734.7,2039.87,329.3697
2020-02-06,748.96,2050.23,330.478
2020-02-07,748.07,2079.28,328.7166
2020-02-10,771.28,2133.91,331.1706
2020-02-11,774.38,2150.8,331.7445
2020-02-12,767.29,2160.0,333.8819
2020-02-13,804.0,2149.87,333.5257
2020-02-14,800.03,2134.87,334.06
2020-02-18,858.4,2155.67,333.1991
2020-02-19,917.42,2170.22,334.7922
2020-02-20,899.41,2153.1,333.4168
2020-02-21,901.0,2095.97,329.9832
2020-02-24,833.79,2009.29,319.0392
2020-02-25,799.91,1972.74,309.3716
2020-02-26,778.8,1979.59,308.2337
2020-02-27,679.0,1884.3,294.3904
2020-02-28,667.99,1883.75,293.1535
2020-03-02,743.62,1953.95,305.849
2020-03-03,745.51,1908.99,297.0918
2020-03-04,749.5,1975.83,309.5794
2020-03-05,724.54,1924.03,299.2885
2020-03-06,703.48,1901.09,294.3409
2020-03-09,608.0,1800.61,271.3545
2020-03-10,645.33,1891.82,285.3957
2020-03-11,634.23,1820.86,271.4831
2020-03-12,560.55,1676.61,245.5084
2020-03-13,546.62,1785.0,266.496
2020-03-16,445.07,1689.15,237.335
2020-03-17,430.2,1807.84,250.1492
2020-03-18,361.22,1830.0,237.4834
2020-03-19,427.64,1880.93,237.9881
2020-03-20,427.53,1846.09,227.7917
2020-03-23,434.29,1902.83,221.9675
2020-03-24,505.0,1940.1,242.0784
2020-03-25,539.25,1885.84,245.7024
2020-03-26,528.16,1955.49,260.0489
2020-03-27,514.36,1900.1,252.3032
2020-03-30,502.13,1963.95,260.4969
2020-03-31,524.0,1949.72,256.6141
2020-04-01,481.56,1907.7,245.0652
2020-04-02,454.47,1918.83,250.7202
2020-04-03,480.01,1906.59,247.0962
2020-04-06,516.24,1997.59,263.6928
2020-04-07,545.45,2011.6,263.9616
2020-04-08,548.84,2043.0,272.8223
2020-04-09,573.0,2042.76,276.974
2020-04-13,650.95,2168.87,274.4452
2020-04-14,709.89,2283.32,282.5393
2020-04-15,729.83,2307.68,276.5359
2020-04-16,745.21,2408.19,277.87
2020-04-17,753.89,2375.0,285.3768
2020-04-20,746.36,2393.61,280.349
2020-04-21,686.72,2328.12,271.8367
2020-04-22,732.11,2363.49,277.87
2020-04-23,705.63,2399.45,277.8501
2020-04-24,725.15,2410.22,281.7229
2020-04-27,798.75,2376.0,285.785
2020-04-28,769.12,2314.08,284.4708
2020-04-29,800.51,2372.71,291.9178
2020-04-30,781.88,2474.0,289.1999
2020-05-01,701.32,2286.04,281.5437
2020-05-04,761.19,2315.99,282.3203
2020-05-05,768.21,2317.8,284.9288
2020-05-06,782.58,2351.26,282.9973
2020-05-07,780.04,2367.61,286.4122
2020-05-08,819.42,2379.61,291.1512
2020-05-11,811.29,2409.0,291.2109
2020-05-12,809.41,2356.95,285.4066
2020-05-13,790.96,2367.92,280.359
2020-05-14,803.33,2388.85,283.7141
2020-05-15,799.17,2409.78,285.0184
2020-05-18,813.63,2426.26,293.6999
2020-05-19,808.01,2449.33,290.6833
2020-05-20,815.56,2497.94,295.6214
2020-05-21,827.6,2446.74,293.5805
2020-05-22,816.88,2436.88,294.138
2020-05-26,818.87,2421.86,297.762
2020-05-27,820.23,2410.39,302.1923
2020-05-28,805.81,2401.1,301.6348
2020-05-29,835.0,2442.37,302.9789
2020-06-01,898.1,2471.04,304.2034
2020-06-02,881.56,2472.41,306.7223
2020-06-03,882.96,2478.4,310.8042
2020-06-04,864.38,2460.6,309.9878
2020-06-05,885.66,2483.0,317.9327
2020-06-08,949.92,2524.06,321.7757
2020-06-09,940.67,2600.86,319.3763
2020-06-10,1025.05,2647.45,317.5942
2020-06-11,972.84,2557.96,299.2852
2020-06-12,935.28,2545.02,302.8693
2020-06-15,990.9,2572.68,305.6968
2020-06-16,982.13,2615.27,311.5808
2020-06-17,991.79,2640.98,310.2865
2020-06-18,1003.96,2653.98,310.406
2020-06-19,1000.9,2675.01,308.64
2020-06-22,994.32,2713.82,310.62
2020-06-23,1001.78,2764.41,312.05
2020-06-24,960.85,2734.4,304.09
2020-06-25,985.98,2754.58,307.35
2020-06-26,959.74,2692.87,300.05
2020-06-29,1009.35,2680.38,304.46
2020-06-30,1079.81,2758.82,308.36
2020-07-01,1119.63,2878.7,310.52
2020-07-02,1208.66,2890.3,312.23
2020-07-06,1371.58,3057.04,317.05
2020-07-07,1389.86,3000.12,313.78
2020-07-08,1365.88,3081.11,316.18
2020-07-09,1394.28,3182.63,314.38
2020-07-10,1544.65,3200.0,317.59
2020-07-13,1497.06,3104.0,314.84
2020-07-14,1516.8,3084.0,318.92
2020-07-15,1546.01,3008.87,321.85
2020-07-16,1500.64,2999.9,320.79
2020-07-17,1500.84,2961.97,321.7
